ParticipantID,Trial,SaccadeNo,StartTime,EndTime,Duration,StartX,StartY,EndX,EndY,PeakVelocity,MeanVelocity,Blink,Direction,Amplitude,EyeUsed,Order,Task
elisius1,1,1,108,142,36,756.1,424.8,800.8,348.3,203.76,90.43,FALSE,UP,"2,20",RIGHT,1,Searching
elisius1,1,2,358,402,46,795.7,349.6,893.3,544,391.89,147.48,FALSE,DOWN,"5,41",RIGHT,1,Searching
elisius1,1,3,628,654,28,897.7,569.2,997.7,692.1,269.33,135.23,FALSE,DOWN,"3,68",RIGHT,1,Searching
elisius1,1,4,808,856,50,995.9,675.7,589.1,755.7,468.76,192.4,FALSE,LEFT,"8,51",RIGHT,1,Searching
elisius1,1,5,1068,1102,36,559.1,763.3,357.9,581.2,273.77,165.51,FALSE,UP,"6,01",RIGHT,1,Searching
elisius1,1,6,1264,1306,44,349.3,579.9,187,649.8,301.44,118.42,FALSE,LEFT,"3,65",RIGHT,1,Searching
elisius1,1,7,1454,1490,38,170.6,659,467.5,717.4,332,160.04,FALSE,RIGHT,"6,05",RIGHT,1,Searching
elisius1,1,8,1700,1720,22,472.6,717.6,531.7,731.1,97.15,59.78,FALSE,RIGHT,"1,24",RIGHT,1,Searching
elisius1,1,9,1816,1852,38,524.3,734.5,758.5,495.6,374.42,206.51,FALSE,UP,"7,64",RIGHT,1,Searching
elisius1,1,10,2002,2050,50,780.1,496.1,1401.2,706,560.39,281.1,FALSE,RIGHT,"13,65",RIGHT,1,Searching
elisius1,1,11,2318,2342,26,1406.5,712.7,1489.1,646.3,152.23,96.88,FALSE,RIGHT,"2,28",RIGHT,1,Searching
elisius1,1,12,2784,2810,28,1513.3,650.2,1479.8,507.6,243.33,126.64,FALSE,UP,"3,55",RIGHT,1,Searching
elisius1,1,13,3034,3050,18,1476.3,516.4,1460.9,471.9,91.47,58.6,FALSE,UP,"1,15",RIGHT,1,Searching
elisius1,1,14,3144,3206,64,1463.6,478.9,712.7,549.7,580.6,261.07,FALSE,LEFT,"15,41",RIGHT,1,Searching
elisius1,1,15,3508,3546,40,689.3,549.3,998.3,639,320.25,174.72,FALSE,RIGHT,"6,79",RIGHT,1,Searching
elisius1,1,16,3670,3690,22,1001.3,644.3,928.7,596.9,143.41,85.7,FALSE,LEFT,"1,91",RIGHT,1,Searching
elisius1,1,17,3938,3964,28,929.2,601.2,725.4,680.2,332.53,164.33,FALSE,LEFT,"4,64",RIGHT,1,Searching
elisius1,1,18,4196,4240,46,727.7,675.1,482.6,729.7,350.44,141.36,FALSE,LEFT,"5,16",RIGHT,1,Searching
elisius1,1,19,4440,4480,42,457.2,734.2,762.8,754.4,264.35,151.35,FALSE,RIGHT,"6,20",RIGHT,1,Searching
elisius1,1,20,4544,4592,50,759.4,756.9,469.9,597.6,372.84,152.12,FALSE,LEFT,"7,07",RIGHT,1,Searching
elisius1,1,21,4824,4860,38,442.6,581.7,654,540.1,196.98,115.38,FALSE,RIGHT,"4,48",RIGHT,1,Searching
elisius1,1,22,5174,5234,62,642,538,236.4,722.8,492.28,171.88,FALSE,LEFT,"9,35",RIGHT,1,Searching
elisius1,1,23,5446,5452,8,237.9,719.4,254.2,715.2,41.95,36.39,FALSE,.,"0,33",RIGHT,1,Searching
elisius1,1,24,5620,5646,28,259,708.3,261.9,544.4,262.63,141.53,FALSE,UP,"3,99",RIGHT,1,Searching
elisius1,1,25,5920,5982,64,264.2,535.8,124,933.9,550.98,182.16,FALSE,DOWN,"9,74",RIGHT,1,Searching
elisius1,1,26,6170,6184,16,131.3,915.7,151.7,949.5,65.63,47.76,FALSE,DOWN,"0,85",RIGHT,1,Searching
elisius1,1,27,6278,6328,52,149.9,945.2,509.8,492.8,482.85,254.44,FALSE,UP,"12,86",RIGHT,1,Searching
elisius1,1,28,6644,6708,66,496.4,482.5,1411.4,772.6,597.04,304.7,FALSE,RIGHT,"19,72",RIGHT,1,Searching
elisius1,1,29,6924,6962,40,1402.1,764.4,1257.3,772.3,217.65,90.14,FALSE,LEFT,"2,86",RIGHT,1,Searching
elisius1,1,30,7352,7374,24,1244.2,775,1292.9,852.4,136.92,84.37,FALSE,DOWN,"2,06",RIGHT,1,Searching
elisius1,1,31,7548,7562,16,1293.9,846.2,1338.5,816.2,85.42,66.61,FALSE,RIGHT,"1,12",RIGHT,1,Searching
elisius1,1,32,7638,7656,20,1336.4,806.8,1318.9,771.5,81.94,47.8,FALSE,UP,"0,90",RIGHT,1,Searching
elisius1,1,33,7748,7790,44,1314.5,772.2,1344.4,929.7,300.79,120.23,FALSE,DOWN,"3,69",RIGHT,1,Searching
elisius1,1,34,8006,8016,12,1340.8,956.2,1321,969.4,47.11,40.78,FALSE,.,"0,48",RIGHT,1,Searching
elisius1,1,35,8434,8486,54,1324.2,969.1,1008.1,656.5,443.59,197.51,FALSE,UP,"9,65",RIGHT,1,Searching
elisius1,1,36,8754,8782,30,982.1,633.8,785.4,695.4,297.62,150.16,FALSE,LEFT,"4,32",RIGHT,1,Searching
elisius1,1,37,9102,9148,48,800.3,693.5,504.5,736.4,387.54,161.73,FALSE,LEFT,"6,11",RIGHT,1,Searching
elisius1,1,38,9380,9412,34,479.8,741,491.1,569,258.74,130.94,FALSE,UP,"4,22",RIGHT,1,Searching
elisius1,1,39,9746,9772,28,494.9,564.5,336.6,499.5,221.75,126.69,FALSE,LEFT,"3,62",RIGHT,1,Searching
elisius1,1,40,9916,9934,20,340.5,496.4,409.6,494.8,95.31,65.62,FALSE,RIGHT,"1,41",RIGHT,1,Searching
elisius1,1,41,10118,10164,48,396.7,493.8,246.9,673.4,383.66,147.99,FALSE,DOWN,"5,35",RIGHT,1,Searching
elisius1,1,42,10360,10378,20,232.4,691,290.7,654.3,107.12,69.03,FALSE,RIGHT,"1,45",RIGHT,1,Searching
elisius1,1,43,10630,10700,72,286.3,658.3,1358,658.4,573.28,311.63,FALSE,RIGHT,"21,31",RIGHT,1,Searching
elisius1,1,44,10968,10988,22,1365.6,658.3,1387.8,595.1,120.59,69.65,FALSE,UP,"1,61",RIGHT,1,Searching
elisius1,1,45,11310,11346,38,1388,609.4,1075.7,730.7,379.51,186.79,FALSE,LEFT,"6,95",RIGHT,1,Searching
elisius1,1,46,11526,11540,16,1076.5,718.7,1127,730.5,81.69,61.78,FALSE,RIGHT,"1,06",RIGHT,1,Searching
elisius1,1,47,11754,11790,38,1125.3,715.1,765,607.3,423.25,208.78,FALSE,LEFT,"7,85",RIGHT,1,Searching
elisius1,1,48,11954,11976,24,751.6,610.8,789.9,686.7,142.52,82.77,FALSE,DOWN,"2,04",RIGHT,1,Searching
elisius1,1,49,12128,12148,22,785.6,682.3,826.7,740.2,117.43,70.17,FALSE,DOWN,"1,64",RIGHT,1,Searching
elisius1,1,50,12312,12318,8,818.6,732.2,803.6,730.4,43.27,39.83,FALSE,.,"0,31",RIGHT,1,Searching
elisius1,1,51,12448,12492,46,798.7,727,508.5,741.9,381.25,148.82,FALSE,LEFT,"5,90",RIGHT,1,Searching
elisius1,1,52,12832,12866,36,477.2,749.4,376.2,602,181.92,112.88,FALSE,UP,"4,12",RIGHT,1,Searching
elisius1,1,53,13152,13168,18,375.5,598.4,410.5,566.3,81.93,55.31,FALSE,UP,"1,07",RIGHT,1,Searching
elisius1,1,54,13414,13474,62,403,567.4,1195.9,536.9,538.96,265.48,FALSE,RIGHT,"16,23",RIGHT,1,Searching
elisius1,1,55,13658,13724,68,1195.2,535,511,467.2,534.15,223.78,FALSE,LEFT,"14,24",RIGHT,1,Searching
elisius1,1,56,13950,13968,20,526.2,466.4,598.2,428.6,127.95,86.27,FALSE,RIGHT,"1,79",RIGHT,1,Searching
elisius1,1,57,14106,14144,40,597.5,422.9,720.5,195.6,313.86,161.62,FALSE,UP,"6,49",RIGHT,1,Searching
elisius1,1,58,14402,14458,58,705.7,181.2,1516.6,183.7,484.6,293.65,FALSE,RIGHT,"16,77",RIGHT,1,Searching
elisius1,1,59,14602,14616,16,1517.4,184.9,1497.4,151.8,76.48,54.24,FALSE,UP,"0,94",RIGHT,1,Searching
elisius1,1,60,14782,14812,32,1492.6,154.1,1540.9,8.1,207.56,124.86,FALSE,UP,"3,89",RIGHT,1,Searching
elisius1,1,61,14970,14980,12,1535.4,2.4,1564.1,1.5,52.02,44.47,FALSE,RIGHT,"0,57",RIGHT,1,Searching
elisius1,1,62,15096,15144,50,1562.1,7.5,1075.7,92.8,512.48,219.19,FALSE,LEFT,"10,25",RIGHT,1,Searching
elisius1,1,63,15212,15270,60,1045.3,89.4,511.7,466.2,589.42,260.4,FALSE,LEFT,"14,89",RIGHT,1,Searching
elisius1,1,64,15454,15504,52,502.8,467.8,120.7,424.8,380.66,171.59,FALSE,LEFT,"7,80",RIGHT,1,Searching
elisius1,1,65,15748,15788,42,94.3,423.9,87.2,609.6,380.33,146.42,FALSE,DOWN,"4,56",RIGHT,1,Searching
elisius1,1,66,16026,16068,44,79.4,631.1,439.2,767.3,386.93,178.45,FALSE,RIGHT,"7,77",RIGHT,1,Searching
elisius1,1,67,16272,16322,52,437.2,775.6,962.1,839.4,534.93,220.1,FALSE,RIGHT,"10,61",RIGHT,1,Searching
elisius1,1,68,16448,16506,60,989.1,843.8,323.3,900.8,521.95,231.83,FALSE,LEFT,"13,19",RIGHT,1,Searching
elisius1,1,69,16670,16710,42,300.8,910.4,150,940.9,243.14,104.51,FALSE,LEFT,"2,95",RIGHT,1,Searching
elisius1,1,70,16826,16904,80,129.6,949.9,1397.7,914.1,614.33,320.74,FALSE,RIGHT,"24,01",RIGHT,1,Searching
elisius1,1,71,17122,17144,24,1398.7,920.3,1317.6,985,156.69,84.84,FALSE,LEFT,"2,12",RIGHT,1,Searching
elisius1,1,72,17488,17522,36,1332.4,964.3,1428.9,716.6,312.98,170.69,FALSE,UP,"6,02",RIGHT,1,Searching
elisius1,1,73,17748,17772,26,1428.4,719.4,1553.8,673.2,177.47,101.12,FALSE,RIGHT,"2,68",RIGHT,1,Searching
elisius1,1,74,18024,18046,24,1544.9,689.5,1573.9,615.5,138.29,74.87,FALSE,UP,"1,86",RIGHT,1,Searching
elisius1,1,75,18196,18248,54,1568.1,620.6,1021.5,582.6,513.6,219.57,FALSE,LEFT,"10,98",RIGHT,1,Searching
elisius1,1,76,18634,18662,30,986.3,574.5,752,666,341.38,178.08,FALSE,LEFT,"5,35",RIGHT,1,Searching
elisius1,1,77,18958,18978,22,738.1,661.7,660.7,647.8,115.9,69.93,FALSE,LEFT,"1,63",RIGHT,1,Searching
elisius1,1,78,19158,19184,28,664.9,651.9,736,742.5,169.97,92.45,FALSE,DOWN,"2,65",RIGHT,1,Searching
elisius1,1,79,19372,19390,20,732.6,731.4,795.1,734.5,93.87,58.41,FALSE,RIGHT,"1,28",RIGHT,1,Searching
elisius1,1,80,19748,19782,36,781.4,737.7,484.5,611.9,348.78,190.65,FALSE,LEFT,"6,80",RIGHT,1,Searching
elisius1,1,81,20152,20168,18,466.3,606,430.4,563.8,100.72,66.78,FALSE,UP,"1,28",RIGHT,1,Searching
elisius1,1,82,20364,20392,30,432.2,564.3,631.4,537.1,254.64,139.53,FALSE,RIGHT,"4,16",RIGHT,1,Searching
elisius1,1,83,20538,20588,52,641,534.2,310.6,660.4,422.03,172.39,FALSE,LEFT,"7,41",RIGHT,1,Searching
elisius1,1,84,20888,20912,26,278.1,665,190.2,606.4,148.51,86.76,FALSE,LEFT,"2,24",RIGHT,1,Searching
elisius1,2,1,126,184,60,191.7,613.3,1202.2,639.1,620.34,344.85,FALSE,RIGHT,"20,20",RIGHT,1,Searching
elisius1,2,2,394,438,46,1199.7,645.2,876.7,523.7,442.11,183.09,FALSE,LEFT,"7,32",RIGHT,1,Searching
elisius1,2,3,758,766,10,837.5,506.3,817.1,519.6,57.71,50.71,FALSE,LEFT,"0,55",RIGHT,1,Searching
elisius1,2,4,1082,1098,18,821.9,512.1,783.5,545.5,87.33,59.54,FALSE,DOWN,"1,17",RIGHT,1,Searching
elisius1,2,5,1294,1306,14,792.6,530.2,826,541.3,62.47,49.88,FALSE,RIGHT,"0,75",RIGHT,1,Searching
elisius1,2,6,1600,1614,16,833.3,530.5,836,490.5,80.23,60.68,FALSE,UP,"1,02",RIGHT,1,Searching
elisius1,2,7,1922,1958,38,830.7,499.9,1045.7,298.4,351.7,182.66,FALSE,UP,"6,91",RIGHT,1,Searching
elisius1,2,8,2136,2162,28,1037.1,304.1,1175,282.4,196.73,103.54,FALSE,RIGHT,"2,96",RIGHT,1,Searching
elisius1,2,9,2400,2442,44,1157.9,282.3,903.7,340.2,396.62,165.49,FALSE,LEFT,"5,58",RIGHT,1,Searching
elisius1,2,10,2674,2742,70,869.2,343,762.3,964.3,650.95,239.3,FALSE,DOWN,"15,24",RIGHT,1,Searching
elisius1,2,11,3032,3056,26,762.6,938.3,709.5,1028.9,171.01,92.33,FALSE,DOWN,"2,29",RIGHT,1,Searching
elisius1,2,12,3216,3244,30,716.1,1018.6,899.5,1015.6,223.12,117.62,FALSE,RIGHT,"3,59",RIGHT,1,Searching
elisius1,2,13,3396,3404,10,889,1020.6,866.6,1013.4,50.08,42.49,FALSE,.,"0,47",RIGHT,1,Searching
elisius1,2,14,3776,3824,50,867.6,1007.4,482.7,743,503.85,212.21,FALSE,LEFT,"9,79",RIGHT,1,Searching
elisius1,2,15,4058,4132,76,460.1,708,365.7,586.8,271.89,86.84,FALSE,UP,"3,52",RIGHT,1,Searching
elisius1,2,16,4360,4378,20,376.9,587.8,377.4,540.4,88.71,54.55,FALSE,UP,"1,18",RIGHT,1,Searching
elisius1,2,17,4644,4692,50,376,541.4,966.2,446.6,486.91,249.77,FALSE,RIGHT,"12,44",RIGHT,1,Searching
elisius1,2,18,4892,4954,64,966.7,446.5,525.6,563.4,477.18,183.16,FALSE,LEFT,"9,65",RIGHT,1,Searching
elisius1,2,19,5138,5170,34,529.5,560.5,739.7,538.2,254.75,128.08,FALSE,RIGHT,"4,40",RIGHT,1,Searching
elisius1,2,20,5352,5378,28,730,536.2,860.5,521.7,185.91,96.27,FALSE,RIGHT,"2,75",RIGHT,1,Searching
elisius1,2,21,5654,5660,8,845.4,530.8,838.5,541.9,40.2,37.32,FALSE,.,"0,32",RIGHT,1,Searching
elisius1,2,22,5850,5898,50,836.1,541.1,689.3,293,383.42,179.95,FALSE,UP,"7,11",RIGHT,1,Searching
elisius1,2,23,6066,6088,24,675.4,254.7,605,205.4,146.23,79.98,FALSE,LEFT,"1,98",RIGHT,1,Searching
elisius1,2,24,6250,6286,38,600.8,198.7,861.3,363.5,385.27,187.07,FALSE,RIGHT,"7,01",RIGHT,1,Searching
elisius1,2,25,6556,6566,12,855.1,350.8,824.9,344.3,60.34,48.11,FALSE,LEFT,"0,66",RIGHT,1,Searching
elisius1,2,26,6706,6742,38,833,348.3,1114.6,483.4,370.85,183.22,FALSE,RIGHT,"6,87",RIGHT,1,Searching
elisius1,2,27,7134,7160,28,1106.4,478.9,1236,484.5,158.88,93.86,FALSE,RIGHT,"2,69",RIGHT,1,Searching
elisius1,2,28,7288,7344,58,1220.2,481.4,865.8,751.9,463.19,195.82,FALSE,LEFT,"9,88",RIGHT,1,Searching
elisius1,2,29,7694,7734,42,845.9,773.1,802.5,888.3,275.46,104.29,FALSE,DOWN,"2,85",RIGHT,1,Searching
elisius1,2,30,7928,7982,56,786.4,910.1,594.4,541,429.26,190.36,FALSE,UP,"9,71",RIGHT,1,Searching
elisius1,2,31,8200,8242,44,579.1,516.5,399.6,554.4,312.58,121.19,FALSE,LEFT,"3,81",RIGHT,1,Searching
elisius1,2,32,8608,8652,46,379.2,558.4,688,310.2,421.15,198.57,FALSE,RIGHT,"9,01",RIGHT,1,Searching
elisius1,2,33,8896,8918,24,687.8,306.5,686.7,229.4,134.48,83.66,FALSE,UP,"2,03",RIGHT,1,Searching
elisius1,2,34,9048,9068,22,681.3,236.7,584,200.6,166.02,97.61,FALSE,LEFT,"2,27",RIGHT,1,Searching
elisius1,2,35,9192,9242,52,595.2,208.9,773.4,476.4,482.76,169.98,FALSE,DOWN,"7,91",RIGHT,1,Searching
elisius1,2,36,9532,9554,24,772.5,497.1,842,544.1,132.35,76.58,FALSE,RIGHT,"1,88",RIGHT,1,Searching
elisius1,2,37,9852,9878,28,833.1,528.9,981.4,588.4,220.05,121.05,FALSE,RIGHT,"3,44",RIGHT,1,Searching
elisius1,2,38,10044,10090,48,975.9,591.8,694.2,625.8,392.34,158.7,FALSE,LEFT,"5,89",RIGHT,1,Searching
elisius1,2,39,10450,10492,44,663.6,630.2,603.5,731.6,242.21,100.55,FALSE,DOWN,"2,77",RIGHT,1,Searching
elisius1,2,40,10596,10626,32,600,740.3,789,672,238.69,130.39,FALSE,RIGHT,"4,20",RIGHT,1,Searching
elisius1,2,41,10876,10888,14,782.1,664.9,748.5,658.1,58.8,47.09,FALSE,LEFT,"0,71",RIGHT,1,Searching
elisius1,2,42,11134,11168,36,750.5,665.6,1078.5,660.6,352.22,187.16,FALSE,RIGHT,"6,74",RIGHT,1,Searching
elisius1,2,43,11514,11532,20,1096.9,659.8,1169.3,670.5,98.23,70.6,FALSE,RIGHT,"1,50",RIGHT,1,Searching
elisius1,2,44,11686,11734,50,1163.9,671.6,817.6,838.8,462.71,188.43,FALSE,LEFT,"8,07",RIGHT,1,Searching
elisius1,2,45,11940,11972,34,788.9,851.1,763.8,906.9,154.65,74.07,FALSE,DOWN,"1,39",RIGHT,1,Searching
elisius1,2,46,12196,12254,60,758.6,911.6,1144.4,357.4,659.15,282.83,FALSE,UP,"15,64",RIGHT,1,Searching
elisius1,2,47,12422,12464,44,1137.6,328.8,1259.3,444.7,297.24,115.22,FALSE,DOWN,"3,91",RIGHT,1,Searching
elisius1,2,48,12686,12724,40,1267.7,446.9,1004.6,273.2,362.82,180.14,FALSE,LEFT,"7,11",RIGHT,1,Searching
elisius1,2,49,12906,12922,18,982.9,272.9,1036.7,282.7,85.65,60.3,FALSE,RIGHT,"1,17",RIGHT,1,Searching
elisius1,2,50,13092,13120,30,1030.6,279.8,880,330,239.32,121.46,FALSE,LEFT,"3,46",RIGHT,1,Searching
elisius1,2,51,13238,13276,40,890.1,324.2,1135.3,463.1,313.44,158.04,FALSE,RIGHT,"6,28",RIGHT,1,Searching
elisius1,2,52,13398,13452,56,1135.5,466.2,894.5,86.7,466.9,218.17,FALSE,UP,"11,13",RIGHT,1,Searching
elisius1,2,53,13794,13850,58,879.8,42.5,534.3,395.9,556.26,228.22,FALSE,DOWN,"11,80",RIGHT,1,Searching
elisius1,2,54,14068,14102,36,522.4,410,824.5,580,438.79,212.74,FALSE,RIGHT,"7,64",RIGHT,1,Searching
elisius1,2,55,14266,14300,36,836.6,574.1,463.1,584.4,366.73,213.97,FALSE,LEFT,"7,71",RIGHT,1,Searching
elisius1,2,56,14512,14530,20,440.1,586.9,377.2,560.9,101.44,68.18,FALSE,LEFT,"1,43",RIGHT,1,Searching
elisius1,2,57,14664,14712,50,382,564.6,874.5,818.1,510.39,235.51,FALSE,RIGHT,"11,72",RIGHT,1,Searching
elisius1,2,58,14980,15006,28,873.1,821,1001.6,840.9,167.65,91.53,FALSE,RIGHT,"2,63",RIGHT,1,Searching
elisius1,2,59,15358,15380,24,984.8,842.8,1049.5,751.4,166.62,104.3,FALSE,UP,"2,54",RIGHT,1,Searching
elisius1,2,60,15692,15716,26,1053.3,743.9,1070.7,634.4,176.88,102.42,FALSE,UP,"2,70",RIGHT,1,Searching
elisius1,2,61,15880,15886,8,1062.7,642.1,1051.3,649.5,41.13,38.02,FALSE,.,"0,30",RIGHT,1,Searching
elisius1,2,62,16074,16084,12,1051.9,651,1083.2,651.1,61.1,51.4,FALSE,RIGHT,"0,64",RIGHT,1,Searching
elisius1,2,63,16388,16428,42,1075.3,651.8,880.3,449.8,271.98,153.27,FALSE,UP,"6,51",RIGHT,1,Searching
elisius1,2,64,16688,16710,24,873.4,448.9,807.9,494.7,141.24,76.7,FALSE,LEFT,"1,81",RIGHT,1,Searching
elisius1,2,65,17306,17334,30,820.7,476,770.9,579.9,195.23,95.73,FALSE,DOWN,"2,84",RIGHT,1,Searching
elisius1,2,66,17482,17490,10,778.6,559,787.3,541,53.56,47.15,FALSE,.,"0,49",RIGHT,1,Searching
elisius1,2,67,17710,17750,42,793.9,539,810.3,644.5,236.37,99.22,FALSE,DOWN,"2,67",RIGHT,1,Searching
elisius1,2,68,17854,17862,10,811.6,655.7,807.6,637.5,48.11,41.69,FALSE,.,"0,46",RIGHT,1,Searching
elisius1,2,69,18164,18200,38,809.1,638.8,621.6,410.6,331.97,182,FALSE,UP,"6,97",RIGHT,1,Searching
elisius1,2,70,18574,18592,20,613.3,400.8,558.4,410.4,84.86,60.81,FALSE,LEFT,"1,18",RIGHT,1,Searching
elisius1,2,71,18866,18906,42,545,398.1,602.2,549,296.3,127.21,FALSE,DOWN,"4,03",RIGHT,1,Searching
elisius1,2,72,19230,19234,6,602,550.7,593.8,550,35.56,34.16,FALSE,.,"0,17",RIGHT,1,Searching
elisius1,2,73,19446,19492,48,584.3,549.1,377.3,544.1,269.71,110.85,FALSE,LEFT,"4,25",RIGHT,1,Searching
elisius1,2,74,19678,19722,46,356.1,547.3,783.8,288.4,453.38,244.02,FALSE,RIGHT,"11,08",RIGHT,1,Searching
elisius1,2,75,19996,20024,30,784.8,282.7,949.8,271.8,213.86,115.95,FALSE,RIGHT,"3,52",RIGHT,1,Searching
elisius1,2,76,20464,20526,64,944.9,276.1,1173,661,392.04,192.82,FALSE,DOWN,"10,86",RIGHT,1,Searching
elisius1,2,77,21102,21166,66,1166.5,675.5,883.9,907.6,468.12,159.23,FALSE,LEFT,"7,92",RIGHT,1,Searching
elisius1,3,1,214,228,16,878.5,907.3,930.9,898.7,79.17,61.8,FALSE,RIGHT,"1,06",RIGHT,1,Searching
elisius1,3,2,454,500,48,925.6,891.8,864.7,593.4,362.39,168.96,FALSE,UP,"7,29",RIGHT,1,Searching
elisius1,3,3,650,672,24,856.8,574.4,824,656.6,151.76,86.64,FALSE,DOWN,"2,16",RIGHT,1,Searching
elisius1,3,4,886,908,24,833,651.8,800.6,711,108.92,64.49,FALSE,DOWN,"1,60",RIGHT,1,Searching
elisius1,3,5,1136,1172,38,810.8,697.5,980.9,713.4,139.86,93.37,FALSE,RIGHT,"3,51",RIGHT,1,Searching
elisius1,3,6,1318,1350,34,982.7,708.5,1129.5,894.7,329.46,158.05,FALSE,DOWN,"5,31",RIGHT,1,Searching
elisius1,3,7,1494,1552,60,1130.9,881.7,409.8,754.7,520.68,257.41,FALSE,LEFT,"14,63",RIGHT,1,Searching
elisius1,3,8,1928,1954,28,388.9,759.9,297.8,618.3,255.08,136.35,FALSE,UP,"3,87",RIGHT,1,Searching
elisius1,3,9,2124,2160,38,291.2,618.4,186.3,630.6,195.32,84.98,FALSE,LEFT,"2,10",RIGHT,1,Searching
elisius1,3,10,2420,2440,22,178.9,636.2,119.1,674.9,119.34,64.89,FALSE,LEFT,"1,49",RIGHT,1,Searching
elisius1,3,11,2642,2684,44,137.7,671,362.1,361.8,340.14,202.23,FALSE,UP,"8,88",RIGHT,1,Searching
elisius1,3,12,2848,2894,48,360.2,349.4,814.3,285.2,406.54,201.37,FALSE,RIGHT,"9,65",RIGHT,1,Searching
elisius1,3,13,3222,3270,50,813.5,289.1,1300.7,420.2,411.33,216.08,FALSE,RIGHT,"10,73",RIGHT,1,Searching
elisius1,3,14,3432,3496,66,1301.1,415.3,966.2,686.4,437.82,158.37,FALSE,LEFT,"9,66",RIGHT,1,Searching
elisius1,3,15,3802,3826,26,960.5,668.9,992.2,738.9,98.84,67.42,FALSE,DOWN,"1,83",RIGHT,1,Searching
elisius1,3,16,3988,4038,52,985,722.3,1541.8,912.8,457.98,229.94,FALSE,RIGHT,"11,77",RIGHT,1,Searching
elisius1,3,17,4258,4294,38,1548.5,909.9,1106.4,934.4,432.25,225.33,FALSE,LEFT,"8,51",RIGHT,1,Searching
elisius1,3,18,4510,4540,32,1081.9,937.1,810.3,889.2,329.11,170.74,FALSE,LEFT,"5,50",RIGHT,1,Searching
elisius1,3,19,4752,4780,30,801.8,885.9,908.3,729.2,279.61,148.47,FALSE,UP,"4,30",RIGHT,1,Searching
elisius1,3,20,5012,5064,54,928.9,719.2,480.2,697.6,436.43,185.18,FALSE,LEFT,"9,14",RIGHT,1,Searching
elisius1,3,21,5262,5278,18,447.3,701.7,487.4,656.3,101.26,71.29,FALSE,UP,"1,37",RIGHT,1,Searching
elisius1,3,22,5486,5494,10,487.2,651.3,499.1,634.5,50.34,44.04,FALSE,.,"0,48",RIGHT,1,Searching
elisius1,3,23,5578,5600,24,499.2,637.6,580.1,685.7,137.94,81.65,FALSE,RIGHT,"2,03",RIGHT,1,Searching
elisius1,3,24,6072,6096,26,575.7,670,706.7,670.7,184.59,100.19,FALSE,RIGHT,"2,68",RIGHT,1,Searching
elisius1,3,25,6254,6278,26,697.1,663,543.9,645.3,211.82,119.74,FALSE,LEFT,"3,17",RIGHT,1,Searching
elisius1,3,26,6432,6444,14,536,637.9,564.1,653.7,58.31,46.88,FALSE,RIGHT,"0,69",RIGHT,1,Searching
elisius1,3,27,6660,6664,6,563.7,651.6,572.8,651.4,36.94,35.25,FALSE,.,"0,19",RIGHT,1,Searching
elisius1,3,28,6924,6972,50,580.3,645.5,254.4,671.7,357.34,150.71,FALSE,LEFT,"6,58",RIGHT,1,Searching
elisius1,3,29,7200,7224,26,231.2,672.3,112.6,670.7,152.65,85.99,FALSE,LEFT,"2,31",RIGHT,1,Searching
elisius1,3,30,7462,7492,32,118.7,667,235.4,791.8,226.83,116.66,FALSE,DOWN,"3,72",RIGHT,1,Searching
elisius1,3,31,7672,7700,30,237.7,779.2,158.2,658.9,221.31,109.04,FALSE,UP,"3,25",RIGHT,1,Searching
elisius1,3,32,7852,7868,18,167.9,671.4,151.7,642.4,65,43.13,FALSE,UP,"0,77",RIGHT,1,Searching
elisius1,3,33,8392,8440,50,155.4,637.1,369.1,933.9,480,180.51,FALSE,DOWN,"8,08",RIGHT,1,Searching
elisius1,3,34,8626,8634,10,376.9,942,362.5,953.9,40.35,34.94,FALSE,.,"0,39",RIGHT,1,Searching
elisius1,3,35,8764,8802,40,358.9,952,723.1,774.1,405.86,210.22,FALSE,RIGHT,"8,30",RIGHT,1,Searching
elisius1,3,36,9316,9336,22,710.8,766.4,636,747.4,110.76,68.48,FALSE,LEFT,"1,59",RIGHT,1,Searching
elisius1,3,37,9618,9660,44,635.7,747.4,1180.8,820.8,452.95,251.92,FALSE,RIGHT,"11,10",RIGHT,1,Searching
elisius1,3,38,10020,10058,40,1179.7,828.4,1526.7,935.4,331.74,182.8,FALSE,RIGHT,"7,13",RIGHT,1,Searching
elisius1,3,39,10318,10368,52,1527.6,936.9,1451.4,583.6,470.81,192.66,FALSE,UP,"8,39",RIGHT,1,Searching
elisius1,3,40,10588,10618,32,1446.5,547.6,1188.2,504.7,344.94,171.2,FALSE,LEFT,"5,34",RIGHT,1,Searching
elisius1,3,41,10770,10804,36,1182.5,505.3,1065.2,703.5,299.07,154.59,FALSE,DOWN,"5,48",RIGHT,1,Searching
elisius1,3,42,11070,11088,20,1052.4,707.4,999.3,726.3,83.8,54.73,FALSE,LEFT,"1,18",RIGHT,1,Searching
elisius1,3,43,11370,11386,18,1006.7,726.9,1027.4,768.9,77.8,55.67,FALSE,DOWN,"1,10",RIGHT,1,Searching
elisius1,3,44,11546,11564,20,1021.9,759.8,952.5,778.8,104.99,68.15,FALSE,LEFT,"1,48",RIGHT,1,Searching
elisius1,3,45,11782,11816,36,968.8,778.2,675.5,698.4,346.51,174.85,FALSE,LEFT,"6,28",RIGHT,1,Searching
elisius1,3,46,12070,12080,12,665.7,699,674.3,672.8,60.06,49.97,FALSE,UP,"0,67",RIGHT,1,Searching
elisius1,3,47,12532,12556,26,674.4,665.9,530.5,664.1,182.86,115.2,FALSE,LEFT,"2,94",RIGHT,1,Searching
elisius1,3,48,12766,12778,14,492.8,664.6,523,656.7,52.03,43.71,FALSE,RIGHT,"0,64",RIGHT,1,Searching
elisius1,3,49,12994,13048,56,522.4,663.1,732.5,329.2,263.43,170.25,FALSE,UP,"9,52",RIGHT,1,Searching
elisius1,3,50,13330,13366,38,721,322.8,807.4,215.7,180.67,86.5,FALSE,UP,"3,37",RIGHT,1,Searching
elisius1,3,51,13506,13564,60,802.4,213.2,229.2,217.2,452.05,210.62,FALSE,LEFT,"11,94",RIGHT,1,Searching
elisius1,3,52,13770,13794,26,203.4,219.2,336.5,261.5,194.35,113.63,FALSE,RIGHT,"2,93",RIGHT,1,Searching
elisius1,3,53,13984,14024,42,342.1,280.3,135.9,134.8,256.43,135.03,FALSE,LEFT,"5,63",RIGHT,1,Searching
elisius1,3,54,14372,14434,64,127,122,186.3,581,592.76,203.41,FALSE,DOWN,"11,58",RIGHT,1,Searching
elisius1,3,55,14518,14536,20,186.4,570.8,163.4,511.9,108.81,70.08,FALSE,UP,"1,52",RIGHT,1,Searching
elisius1,3,56,14732,14772,42,160,507.5,123.4,667.2,316.39,125.31,FALSE,DOWN,"3,96",RIGHT,1,Searching
elisius1,3,57,14966,14978,14,111.2,684.8,77.5,697.2,58.87,45.14,FALSE,LEFT,"0,71",RIGHT,1,Searching
elisius1,3,58,15194,15216,24,81.2,694.1,157.8,653.8,123.92,70.85,FALSE,RIGHT,"1,76",RIGHT,1,Searching
elisius1,3,59,15916,15986,72,146.4,649.7,1336.6,380.1,615.86,353.82,FALSE,RIGHT,"24,68",RIGHT,1,Searching
elisius1,3,60,16246,16284,40,1328.4,366.7,899.6,274.7,420.67,231.98,FALSE,LEFT,"9,28",RIGHT,1,Searching
elisius1,3,61,16620,16668,50,872.3,271.9,1326.7,574.3,442.71,246.9,FALSE,RIGHT,"12,19",RIGHT,1,Searching
elisius1,3,62,16938,16974,38,1336.7,573.2,1183,625.6,246.29,110.23,FALSE,LEFT,"3,38",RIGHT,1,Searching
elisius1,3,63,17206,17224,20,1167.6,613.9,1105.3,603.6,96.1,60.91,FALSE,LEFT,"1,30",RIGHT,1,Searching
elisius1,3,64,17690,17742,54,1123.4,593.7,930.1,747.6,341.62,131.25,FALSE,LEFT,"5,47",RIGHT,1,Searching
elisius1,3,65,17882,17898,18,919.5,765.5,971.1,733.5,99.69,67.91,FALSE,RIGHT,"1,30",RIGHT,1,Searching
elisius1,3,66,18240,18248,10,962.4,731.1,973.8,713.4,50.96,43.66,FALSE,.,"0,49",RIGHT,1,Searching
elisius1,3,67,18480,18498,20,970.6,717.2,1017.9,751.9,92.03,58.71,FALSE,RIGHT,"1,28",RIGHT,1,Searching
elisius1,3,68,19062,19092,32,1014.3,747.7,766.9,678.1,297.66,166.46,FALSE,LEFT,"5,34",RIGHT,1,Searching
elisius1,3,69,19384,19414,32,745.4,670.3,534.4,645.1,251.35,136.27,FALSE,LEFT,"4,37",RIGHT,1,Searching
elisius1,3,70,19724,19736,14,519.3,639.1,494.4,623.9,50.56,41.34,FALSE,LEFT,"0,63",RIGHT,1,Searching
elisius1,3,71,19932,19978,48,490.1,616.6,339.1,806.7,390.16,150.09,FALSE,DOWN,"5,48",RIGHT,1,Searching
elisius1,3,72,20152,20164,14,321,815.1,345.4,789.2,64.3,50.22,FALSE,UP,"0,77",RIGHT,1,Searching
elisius1,3,73,20432,20462,32,345.3,784.5,609.3,752,299.58,166.83,FALSE,RIGHT,"5,33",RIGHT,1,Searching
elisius1,3,74,20682,20726,46,627,751.4,200.6,683.4,367.76,191.74,FALSE,LEFT,"8,64",RIGHT,1,Searching
elisius1,3,75,20968,20990,24,195.5,671.9,105.4,672.7,131.73,70.63,FALSE,LEFT,"1,75",RIGHT,1,Searching
elisius1,3,76,21164,21186,24,122.1,673.6,170.1,647.2,87.3,64.9,FALSE,RIGHT,"1,13",RIGHT,1,Searching
elisius1,4,1,360,408,50,150.9,640.3,884.9,576.3,542.82,299.6,FALSE,RIGHT,"14,87",RIGHT,1,Searching
elisius1,4,2,606,632,28,888.9,588.9,902.5,452.2,220.04,124.95,FALSE,UP,"3,49",RIGHT,1,Searching
elisius1,4,3,838,880,44,893.1,441.5,1155.5,141.2,384.46,218.3,FALSE,UP,"9,60",RIGHT,1,Searching
elisius1,4,4,1166,1202,38,1148.7,135.4,1125,215.2,206.17,92.07,FALSE,DOWN,"2,16",RIGHT,1,Searching
elisius1,4,5,1388,1432,46,1114.8,238.3,757.4,65.9,402.14,194.12,FALSE,LEFT,"8,86",RIGHT,1,Searching
elisius1,4,6,1780,1838,60,746.1,53.8,485.6,440.3,460.75,218.05,FALSE,DOWN,"11,47",RIGHT,1,Searching
elisius1,4,7,2070,2122,54,479.2,464.7,152.8,603.8,431.69,158.08,FALSE,LEFT,"7,43",RIGHT,1,Searching
elisius1,4,8,2232,2306,76,118.5,607.6,1334.6,97.3,659.56,379.1,FALSE,RIGHT,"27,55",RIGHT,1,Searching
elisius1,4,9,2610,2630,22,1326.8,99.9,1280.6,163.6,136.41,82.52,FALSE,DOWN,"1,92",RIGHT,1,Searching
elisius1,4,10,2760,2818,60,1284.4,154.6,1548.1,752.9,643.27,276.75,FALSE,DOWN,"15,73",RIGHT,1,Searching
elisius1,4,11,3034,3056,24,1541,765.5,1587.2,653.1,189.65,114.36,FALSE,UP,"2,81",RIGHT,1,Searching
elisius1,4,12,3252,3286,36,1593.1,619.7,1195.2,566.2,449.98,221.71,FALSE,LEFT,"8,02",RIGHT,1,Searching
elisius1,4,13,3512,3524,14,1175.4,568.4,1215,581.2,73.56,57.84,FALSE,RIGHT,"0,87",RIGHT,1,Searching
elisius1,4,14,4006,4054,50,1221.3,579,1429.2,819.3,432.54,161.2,FALSE,DOWN,"7,11",RIGHT,1,Searching
elisius1,4,15,4286,4340,56,1442.9,836.6,813.7,752.9,543.35,238.77,FALSE,LEFT,"12,61",RIGHT,1,Searching
elisius1,4,16,4558,4588,32,768.4,749.9,571.3,645,285.92,152.41,FALSE,LEFT,"4,77",RIGHT,1,Searching
elisius1,4,17,4860,4888,30,560.4,633.4,393.3,759.4,312.91,154.03,FALSE,LEFT,"4,55",RIGHT,1,Searching
elisius1,4,18,5298,5314,18,401.8,743.5,448.4,718.6,85.93,56.72,FALSE,RIGHT,"1,11",RIGHT,1,Searching
elisius1,4,19,5556,5614,60,439.8,720,432.4,251.9,441.23,210.83,FALSE,UP,"11,73",RIGHT,1,Searching
elisius1,4,20,5834,5876,44,418.1,218.2,816.8,331.6,417.21,204.02,FALSE,RIGHT,"8,89",RIGHT,1,Searching
elisius1,4,21,6008,6042,36,830.3,331.7,683.2,210.1,217.86,123.89,FALSE,UP,"4,47",RIGHT,1,Searching
elisius1,4,22,6324,6358,36,675.6,193.3,729.2,32.1,222.86,121.51,FALSE,UP,"4,43",RIGHT,1,Searching
elisius1,4,23,6654,6698,46,723.1,24,1133.3,51.9,319.91,189.06,FALSE,RIGHT,"8,75",RIGHT,1,Searching
elisius1,4,24,7056,7102,48,1141.8,52,1243.9,213.5,356.38,123.39,FALSE,DOWN,"4,76",RIGHT,1,Searching
elisius1,4,25,7226,7264,40,1253,231,1322,61.4,210.45,116.48,FALSE,UP,"4,67",RIGHT,1,Searching
elisius1,4,26,7710,7764,56,1318,53.4,768.3,487.1,527.94,303.43,FALSE,LEFT,"16,05",RIGHT,1,Searching
elisius1,4,27,8016,8042,28,752.3,487.9,550.9,431.7,279.41,159.67,FALSE,LEFT,"4,45",RIGHT,1,Searching
elisius1,4,28,8216,8260,46,512.1,401,881.3,650.9,457.14,217.38,FALSE,RIGHT,"9,92",RIGHT,1,Searching
elisius1,4,29,8538,8556,20,883.9,651.2,816.4,606.2,128.66,86.4,FALSE,LEFT,"1,79",RIGHT,1,Searching
elisius1,4,30,8794,8824,32,807.9,602.6,935.7,812.4,352.77,181.58,FALSE,DOWN,"5,74",RIGHT,1,Searching
elisius1,4,31,9092,9112,22,946.8,825.6,1024.5,842.1,105,71.16,FALSE,RIGHT,"1,61",RIGHT,1,Searching
elisius1,4,32,9676,9718,44,1028.3,844.9,1245.9,617.7,261.12,165.17,FALSE,UP,"7,01",RIGHT,1,Searching
elisius1,4,33,10034,10042,10,1250.2,609.6,1264.5,613.4,33.91,31.34,FALSE,.,"0,30",RIGHT,1,Searching
elisius1,4,34,10188,10258,72,1270.6,627.3,236.4,694.2,584.27,302.91,FALSE,LEFT,"20,67",RIGHT,1,Searching
elisius1,4,35,10494,10544,52,201.5,704.5,172.5,432,257.78,142.34,FALSE,UP,"6,70",RIGHT,1,Searching
elisius1,4,36,10726,10770,46,153.2,400.2,462.9,669.1,479.28,204.99,FALSE,DOWN,"9,12",RIGHT,1,Searching
elisius1,4,37,11004,11028,26,476,661.4,404.9,755.8,198.29,101.59,FALSE,DOWN,"2,69",RIGHT,1,Searching
elisius1,4,38,11412,11460,50,405,746.6,383.7,164,505.33,294.14,FALSE,UP,"14,57",RIGHT,1,Searching
elisius1,4,39,11712,11746,36,371.9,149.8,178.8,56.1,229.37,128.32,FALSE,LEFT,"4,64",RIGHT,1,Searching
elisius1,4,40,11964,11978,16,167.8,54.7,116.3,39.2,82.2,66.57,FALSE,LEFT,"1,11",RIGHT,1,Searching
elisius1,4,41,12092,12148,58,109.3,35.6,453.9,408.6,529.88,219.39,FALSE,DOWN,"11,87",RIGHT,1,Searching
elisius1,4,42,12388,12408,22,469.1,432.7,513.4,378,118.28,73.16,FALSE,UP,"1,68",RIGHT,1,Searching
elisius1,4,43,12566,12624,60,510.3,382.1,790.6,470.7,289.18,150.27,FALSE,RIGHT,"6,30",RIGHT,1,Searching
elisius1,4,44,12838,12872,36,800,480.6,803.1,552.4,178.54,84.11,FALSE,DOWN,"1,83",RIGHT,1,Searching
elisius1,4,45,13124,13140,18,801.6,556.8,827.7,596.1,81.11,61.98,FALSE,DOWN,"1,13",RIGHT,1,Searching
elisius1,4,46,13368,13394,28,829,599,663.8,687.2,263.45,142.58,FALSE,LEFT,"4,05",RIGHT,1,Searching
elisius1,4,47,13492,13560,70,667.1,697.7,842.5,186.3,499.67,212,FALSE,UP,"13,52",RIGHT,1,Searching
elisius1,4,48,13814,13842,30,837,187,991.2,268.3,251.04,131.69,FALSE,RIGHT,"3,92",RIGHT,1,Searching
elisius1,4,49,14030,14062,34,989.9,267.5,1226.4,256.3,279.47,147.5,FALSE,RIGHT,"4,99",RIGHT,1,Searching
elisius1,4,50,14344,14368,26,1228.7,253.1,1261.9,129.5,207.36,125.89,FALSE,UP,"3,31",RIGHT,1,Searching
elisius1,4,51,14566,14590,26,1271.1,103.2,1170.6,165.8,184.68,101.12,FALSE,LEFT,"2,67",RIGHT,1,Searching
elisius1,4,52,14800,14828,30,1179.7,160.7,1321.6,85.2,201.87,118.85,FALSE,RIGHT,"3,57",RIGHT,1,Searching
elisius1,4,53,15074,15136,64,1327.5,75.8,1554.2,666.9,611.27,259.98,FALSE,DOWN,"15,46",RIGHT,1,Searching
elisius1,4,54,15458,15488,32,1548.2,680.2,1275.6,560.8,350.19,193.48,FALSE,LEFT,"6,14",RIGHT,1,Searching
elisius1,4,55,15678,15716,40,1252.9,541.8,1565.8,811.3,450.83,226.44,FALSE,DOWN,"8,94",RIGHT,1,Searching
elisius1,4,56,16072,16140,70,1573.9,819.5,565.1,895.9,596.68,292.68,FALSE,LEFT,"19,61",RIGHT,1,Searching
elisius1,4,57,16352,16394,44,529.8,900.2,371.5,933.2,282.5,117.33,FALSE,LEFT,"3,18",RIGHT,1,Searching
elisius1,4,58,16538,16558,22,337.8,942.3,407.3,991.2,121.33,78.13,FALSE,RIGHT,"1,73",RIGHT,1,Searching
elisius1,4,59,16766,16786,22,406.4,993.3,394.4,925.8,111.95,68.11,FALSE,UP,"1,53",RIGHT,1,Searching
elisius1,4,60,17252,17262,12,394.9,946.6,384.6,975.1,62.36,52.54,FALSE,DOWN,"0,67",RIGHT,1,Searching
elisius1,4,61,17396,17454,60,381,974.6,861.8,461,513.96,273.98,FALSE,UP,"15,62",RIGHT,1,Searching
elisius1,4,62,17684,17712,30,869.8,432,1026.7,508.1,233.63,126.66,FALSE,RIGHT,"3,83",RIGHT,1,Searching
elisius1,4,63,18032,18060,30,1016.1,525,905.5,651.5,273.24,129.43,FALSE,DOWN,"3,91",RIGHT,1,Searching
elisius1,4,64,18284,18330,48,900.6,643.2,1231.2,276,451.4,245.32,FALSE,UP,"11,59",RIGHT,1,Searching
elisius1,4,65,18684,18750,68,1229.4,256.4,312.7,266.7,552.86,299.57,FALSE,LEFT,"18,98",RIGHT,1,Searching
elisius1,4,66,18972,19016,46,270.4,269.6,168,421.9,360.14,133.64,FALSE,DOWN,"4,40",RIGHT,1,Searching
elisius1,4,67,19312,19344,34,150.8,436.5,482.3,501,397.62,206.33,FALSE,RIGHT,"6,90",RIGHT,1,Searching
elisius1,4,68,19592,19610,20,509.7,496.4,510.2,440.5,101.79,68.67,FALSE,UP,"1,43",RIGHT,1,Searching
elisius1,4,69,19764,19810,48,503.6,436.1,529,651.7,385.21,149.36,FALSE,DOWN,"5,44",RIGHT,1,Searching
elisius1,4,70,19984,20018,36,526.2,675,821.2,625.5,329.02,170.18,FALSE,RIGHT,"6,17",RIGHT,1,Searching
elisius1,4,71,20444,20464,22,827,627.2,823.8,686,99.63,61.21,FALSE,DOWN,"1,46",RIGHT,1,Searching
elisius1,4,72,20506,20550,46,822.5,677.8,1320,760.4,431.18,223.58,FALSE,RIGHT,"10,24",RIGHT,1,Searching
elisius1,4,73,20870,20896,28,1329.2,752.7,1434.9,871.7,232.66,121.1,FALSE,DOWN,"3,46",RIGHT,1,Searching
elisius1,4,74,21146,21200,56,1436.1,865.2,475.8,804.6,567.17,364.89,FALSE,LEFT,"18,85",RIGHT,1,Searching
elisius1,5,1,352,374,24,442.7,796.3,487.6,707.9,157.3,93.9,FALSE,UP,"2,30",RIGHT,1,Searching
elisius1,5,2,500,540,42,485.2,699.2,780.7,519,371.8,184.62,FALSE,RIGHT,"7,55",RIGHT,1,Searching
elisius1,5,3,672,720,50,788.3,521.5,685.8,319,279.5,121.86,FALSE,UP,"5,65",RIGHT,1,Searching
elisius1,5,4,886,942,58,677.9,291.5,606.5,831.2,615.08,245.58,FALSE,DOWN,"13,47",RIGHT,1,Searching
elisius1,5,5,1206,1222,18,593.8,848,553.5,811.4,87.22,62.24,FALSE,UP,"1,18",RIGHT,1,Searching
elisius1,5,6,1490,1520,32,548.1,811,656.5,930.1,219.15,107.53,FALSE,DOWN,"3,51",RIGHT,1,Searching
elisius1,5,7,1670,1720,52,657,923.2,1311.4,896.7,430.74,248.87,FALSE,RIGHT,"12,85",RIGHT,1,Searching
elisius1,5,8,1958,1982,26,1323.6,897.3,1169.6,997.8,259.17,145.36,FALSE,LEFT,"3,75",RIGHT,1,Searching
elisius1,5,9,2292,2310,20,1153.4,1000.2,1119.2,940,104.17,73.59,FALSE,UP,"1,51",RIGHT,1,Searching
elisius1,5,10,2524,2586,64,1121.6,925.4,365.1,917.2,540.68,244.24,FALSE,LEFT,"14,78",RIGHT,1,Searching
elisius1,5,11,2868,2890,24,332.1,920.3,430.1,938.5,134.43,77.33,FALSE,RIGHT,"1,94",RIGHT,1,Searching
elisius1,5,12,2960,3006,48,417.6,936.4,938.6,504,554.75,310.17,FALSE,RIGHT,"14,76",RIGHT,1,Searching
elisius1,5,13,3288,3312,26,939.9,478.9,1042.5,533.4,172.11,96.26,FALSE,RIGHT,"2,55",RIGHT,1,Searching
elisius1,5,14,3548,3586,40,1030.1,536.5,1116.8,343.9,239.07,130.57,FALSE,UP,"5,27",RIGHT,1,Searching
elisius1,5,15,3938,3982,46,1105.9,337.9,777.8,412.4,371.35,175.25,FALSE,LEFT,"7,19",RIGHT,1,Searching
elisius1,5,16,4234,4264,32,749.6,400.9,563.6,561.3,349.27,177.66,FALSE,DOWN,"5,65",RIGHT,1,Searching
elisius1,5,17,4510,4550,42,565.8,565.5,434,611.1,246.41,100,FALSE,LEFT,"2,93",RIGHT,1,Searching
elisius1,5,18,4818,4844,28,405.5,620,491.2,753.1,236.67,131.01,FALSE,DOWN,"3,67",RIGHT,1,Searching
elisius1,5,19,5086,5106,22,493.6,754.9,554,791.8,97.07,64.64,FALSE,RIGHT,"1,50",RIGHT,1,Searching
elisius1,5,20,5328,5354,28,541.7,791.5,327.6,748.3,272.41,156,FALSE,LEFT,"4,38",RIGHT,1,Searching
elisius1,5,21,5574,5582,10,301,743.9,317.5,755,47.32,42.29,FALSE,.,"0,42",RIGHT,1,Searching
elisius1,5,22,5952,6016,66,304.9,753.7,996.8,586.1,476.13,231.16,FALSE,RIGHT,"14,56",RIGHT,1,Searching
elisius1,5,23,6438,6462,26,1021.9,569.8,885.2,556.7,203.85,107.54,FALSE,LEFT,"2,86",RIGHT,1,Searching
elisius1,5,24,6652,6686,36,882.4,563.6,1214.3,671.2,355.49,201.41,FALSE,RIGHT,"7,32",RIGHT,1,Searching
elisius1,5,25,6854,6864,12,1209.8,671.8,1180.9,662.6,58.15,48.29,FALSE,LEFT,"0,63",RIGHT,1,Searching
elisius1,5,26,7004,7072,70,1182,666.2,249.5,519.8,524.74,283.16,FALSE,LEFT,"19,13",RIGHT,1,Searching
elisius1,5,27,7198,7220,24,216.7,511.4,137.2,425.1,189.1,110.85,FALSE,UP,"2,67",RIGHT,1,Searching
elisius1,5,28,7360,7404,46,136,417.9,678.7,253.8,488.3,264.94,FALSE,RIGHT,"11,91",RIGHT,1,Searching
elisius1,5,29,7678,7700,24,699.1,255.7,762.3,191.9,151.53,88.43,FALSE,UP,"2,16",RIGHT,1,Searching
elisius1,5,30,7988,8078,92,757.8,205.6,1322.8,807.6,459.49,238.32,FALSE,DOWN,"18,94",RIGHT,1,Searching
elisius1,5,31,8258,8278,22,1299.8,797.8,1379.3,759,125.43,82.08,FALSE,RIGHT,"1,81",RIGHT,1,Searching
elisius1,5,32,8422,8484,64,1391.8,750.1,808.1,764.4,524.49,199.47,FALSE,LEFT,"11,68",RIGHT,1,Searching
elisius1,5,33,8696,8724,30,803.9,775.3,579.4,787.6,285.3,149.12,FALSE,LEFT,"4,55",RIGHT,1,Searching
elisius1,5,34,8980,8996,18,585.8,784.2,525.3,786.9,89.54,59.81,FALSE,LEFT,"1,22",RIGHT,1,Searching
elisius1,5,35,9302,9322,22,538.2,786.3,495.8,851.8,128.33,75.97,FALSE,DOWN,"1,76",RIGHT,1,Searching
elisius1,5,36,9500,9526,28,507.2,838.7,585.2,741.9,173.74,98.64,FALSE,UP,"2,78",RIGHT,1,Searching
elisius1,5,37,9894,9944,52,584.9,739,415.9,946.2,324.68,135.9,FALSE,DOWN,"5,88",RIGHT,1,Searching
elisius1,5,38,10192,10232,42,401.5,964.6,855.6,920,386.35,215.4,FALSE,RIGHT,"8,95",RIGHT,1,Searching
elisius1,5,39,10602,10642,42,885,916.6,1226.1,858.9,302.67,164.53,FALSE,RIGHT,"6,88",RIGHT,1,Searching
elisius1,5,40,10850,10868,20,1233.1,852.9,1227.3,796.8,87.74,66.35,FALSE,UP,"1,32",RIGHT,1,Searching
elisius1,5,41,11088,11138,52,1225.9,781,738.8,754.6,470,201.7,FALSE,LEFT,"9,83",RIGHT,1,Searching
elisius1,5,42,11366,11406,42,705.4,750.9,539.1,752.5,283.35,116.13,FALSE,LEFT,"3,37",RIGHT,1,Searching
elisius1,5,43,11620,11638,20,514.5,746.6,559.9,783,91.51,58.92,FALSE,RIGHT,"1,26",RIGHT,1,Searching
elisius1,5,44,11912,11954,44,555,773.3,328.7,748.9,271.27,123.1,FALSE,LEFT,"4,55",RIGHT,1,Searching
elisius1,5,45,12230,12278,50,320.4,754.1,787.6,368.9,493.67,275.33,FALSE,UP,"13,52",RIGHT,1,Searching
elisius1,5,46,12436,12478,44,803.6,346.3,390,737.6,541.84,297.41,FALSE,DOWN,"12,96",RIGHT,1,Searching
elisius1,5,47,12658,12664,8,333.3,754.9,314.9,754.7,43.88,39.73,FALSE,.,"0,36",RIGHT,1,Searching
elisius1,5,48,12952,13004,54,319,749.4,630.1,247,519.42,265.5,FALSE,UP,"14,06",RIGHT,1,Searching
elisius1,5,49,13348,13390,44,637.7,215.6,814.3,178.8,198.26,99.45,FALSE,RIGHT,"3,89",RIGHT,1,Searching
elisius1,5,50,13564,13628,66,809.4,166.9,1411.7,861.7,652.96,324.95,FALSE,DOWN,"21,03",RIGHT,1,Searching
elisius1,5,51,13840,13854,16,1403.3,868.7,1353.8,862.4,74.16,54.28,FALSE,LEFT,"0,97",RIGHT,1,Searching
elisius1,5,52,14166,14188,24,1359.4,866.9,1330.2,786.2,123.01,82.28,FALSE,UP,"1,97",RIGHT,1,Searching
elisius1,5,53,14480,14528,50,1328.4,779.7,897.4,792.3,436.64,184.51,FALSE,LEFT,"8,63",RIGHT,1,Searching
elisius1,5,54,14836,14878,44,860,797.7,760.2,924.6,276.96,113.32,FALSE,DOWN,"3,58",RIGHT,1,Searching
elisius1,5,55,15164,15392,230,744,929.6,570.9,990.5,289.11,167.08,TRUE,LEFT,"3,67",RIGHT,1,Searching
elisius1,5,56,15516,15536,22,529.9,962.9,470.4,1006,106.09,64.1,FALSE,LEFT,"1,50",RIGHT,1,Searching
elisius1,5,57,15796,15832,38,470.9,999,472.6,879.5,139.74,69.4,FALSE,UP,"2,71",RIGHT,1,Searching
elisius1,5,58,15992,16014,24,468.5,893.8,358.7,955.2,188.65,103.4,FALSE,LEFT,"2,55",RIGHT,1,Searching
elisius1,5,59,16108,16160,54,373.8,955.3,913.1,526.3,536.16,279.45,FALSE,RIGHT,"14,90",RIGHT,1,Searching
elisius1,5,60,16400,16436,38,911.9,512.4,1050.1,388.1,209,113.9,FALSE,UP,"4,32",RIGHT,1,Searching
elisius1,5,61,16646,16664,20,1036.2,399.6,1094.3,373.7,93.2,68.49,FALSE,RIGHT,"1,39",RIGHT,1,Searching
elisius1,5,62,16832,16882,52,1104.6,360.7,681.1,279,412.23,192.06,FALSE,LEFT,"9,20",RIGHT,1,Searching
elisius1,5,63,17122,17144,24,656.6,261.4,560.4,268.8,147.7,81,FALSE,LEFT,"2,05",RIGHT,1,Searching
elisius1,5,64,17358,17402,46,576.1,266.5,391.6,516.1,485.35,185.65,FALSE,DOWN,"7,47",RIGHT,1,Searching
elisius1,5,65,17682,17706,26,375.7,527.3,330.7,635.8,188.97,108.82,FALSE,DOWN,"2,84",RIGHT,1,Searching
elisius1,5,66,17944,17988,46,328.8,638.5,835.9,711.8,439.67,227.35,FALSE,RIGHT,"10,42",RIGHT,1,Searching
elisius1,5,67,18230,18250,22,847.8,712.2,919.5,638.9,166.75,104.55,FALSE,UP,"2,33",RIGHT,1,Searching
elisius1,5,68,18472,18494,24,919,627,1018.3,600.3,130.57,89.87,FALSE,RIGHT,"2,16",RIGHT,1,Searching
elisius1,5,69,18676,18714,40,1036.8,590.8,1329.3,785.2,372.34,188.61,FALSE,RIGHT,"7,56",RIGHT,1,Searching
elisius1,5,70,18890,18914,26,1334.8,782.5,1444.4,799.8,134.67,82.09,FALSE,RIGHT,"2,18",RIGHT,1,Searching
elisius1,5,71,19182,19220,40,1431.8,796.7,1364.2,881.6,217.61,97.05,FALSE,DOWN,"2,36",RIGHT,1,Searching
elisius1,5,72,19406,19412,8,1353.7,888,1357.7,875.3,34.68,31.35,FALSE,.,"0,30",RIGHT,1,Searching
elisius1,5,73,19532,19584,54,1352.7,868.4,842.4,835.6,477.84,203.82,FALSE,LEFT,"10,12",RIGHT,1,Searching
elisius1,5,74,19798,19842,46,808.8,838.9,550,857.2,357.11,145.56,FALSE,LEFT,"5,19",RIGHT,1,Searching
elisius1,5,75,20114,20132,20,528.7,862.7,569.1,802.8,115.66,79.75,FALSE,UP,"1,62",RIGHT,1,Searching
elisius1,5,76,20474,20502,30,567.4,792.6,365.7,771.9,251.85,133.32,FALSE,LEFT,"4,05",RIGHT,1,Searching
elisius1,5,77,20728,20736,10,355.4,765.3,332.5,773.6,53.3,47.73,FALSE,.,"0,49",RIGHT,1,Searching
elisius1,5,78,20998,21044,48,336.3,771.6,782.2,900.1,411.43,194.68,FALSE,RIGHT,"9,34",RIGHT,1,Searching
elisius1,6,1,424,456,34,752.5,469.8,862.5,336.8,237.87,124.13,FALSE,UP,"4,16",RIGHT,1,Counting
elisius1,6,2,718,776,60,864.3,322.4,607.8,518.9,409.38,158.33,FALSE,LEFT,"7,40",RIGHT,1,Counting
elisius1,6,3,946,968,24,607.3,517.2,507,586.7,199.08,109.32,FALSE,LEFT,"2,71",RIGHT,1,Counting
elisius1,6,4,1242,1406,166,515.5,610.7,578.2,599.9,1394.4,330.88,TRUE,RIGHT,"1,31",RIGHT,1,Counting
elisius1,6,5,1430,1442,14,571.8,560.1,570.2,590.5,72.88,49.88,FALSE,DOWN,"0,76",RIGHT,1,Counting
elisius1,6,6,1536,1560,26,570.6,598.7,468.3,611.8,151.08,81.47,FALSE,LEFT,"2,12",RIGHT,1,Counting
elisius1,6,7,1732,1784,54,477.7,600.1,793.4,815.3,436.88,178.39,FALSE,RIGHT,"8,27",RIGHT,1,Counting
elisius1,6,8,1978,1998,22,801.3,837.9,704.2,827.8,149.47,85.08,FALSE,LEFT,"1,97",RIGHT,1,Counting
elisius1,6,9,2142,2200,60,711.7,826.3,901.7,315.9,555.51,242.04,FALSE,UP,"13,28",RIGHT,1,Counting
elisius1,6,10,2524,2580,58,895.2,287.8,396.4,106.9,443.31,208.64,FALSE,LEFT,"11,53",RIGHT,1,Counting
elisius1,6,11,2708,2760,54,371.1,99,1091.8,309.3,584.93,299.53,FALSE,RIGHT,"16,07",RIGHT,1,Counting
elisius1,6,12,3008,3032,26,1094.8,313.8,1191.3,369.9,168.5,92.36,FALSE,RIGHT,"2,49",RIGHT,1,Counting
elisius1,6,13,3338,3394,58,1183.2,363.4,653.4,473.3,515.21,214.98,FALSE,LEFT,"11,43",RIGHT,1,Counting
elisius1,6,14,3616,3646,32,629.2,482.4,501,641.5,334.8,158.89,FALSE,DOWN,"4,79",RIGHT,1,Counting
elisius1,6,15,3852,3882,32,503.8,623.8,315.5,598.6,238.48,136.62,FALSE,LEFT,"3,86",RIGHT,1,Counting
elisius1,6,16,4026,4076,52,313.2,594.2,575.6,792,397.96,158.36,FALSE,RIGHT,"7,12",RIGHT,1,Counting
elisius1,6,17,4256,4276,22,577,805.9,663.8,817.9,120.38,75.84,FALSE,RIGHT,"1,77",RIGHT,1,Counting
elisius1,6,18,4656,4694,40,663.1,817.1,339.9,597.6,404.69,211.4,FALSE,LEFT,"8,39",RIGHT,1,Counting
elisius1,6,19,4922,4942,22,327.8,587.4,293.1,627.9,99.78,57.51,FALSE,DOWN,"1,21",RIGHT,1,Counting
elisius1,6,20,5428,5486,60,301.8,616,286,172.7,416.96,202.17,FALSE,UP,"11,18",RIGHT,1,Counting
elisius1,6,21,5700,5746,48,281.9,142.4,484.7,315.7,425.87,156.31,FALSE,DOWN,"6,17",RIGHT,1,Counting
elisius1,6,22,5976,6050,76,490.7,330.8,277.3,1068,705.5,256.22,FALSE,DOWN,"17,87",RIGHT,1,Counting
elisius1,6,23,6118,6140,24,284.2,1056.9,282.1,962,140.34,85.9,FALSE,UP,"2,08",RIGHT,1,Counting
elisius1,6,24,6314,6334,22,279.7,961.4,369.5,935.1,127.55,82.14,FALSE,RIGHT,"1,82",RIGHT,1,Counting
elisius1,6,25,6536,6566,32,376.6,934.3,651,846.4,342.2,183.05,FALSE,RIGHT,"5,77",RIGHT,1,Counting
elisius1,6,26,6804,6818,16,673.7,837.6,664.8,797.9,79.62,55.45,FALSE,UP,"0,96",RIGHT,1,Counting
elisius1,6,27,7074,7136,64,661.2,802.7,1246.5,405.1,466.79,244.86,FALSE,RIGHT,"15,46",RIGHT,1,Counting
elisius1,6,28,7390,7412,24,1241.6,403.6,1143.8,356.9,158.45,96.83,FALSE,LEFT,"2,37",RIGHT,1,Counting
elisius1,6,29,7668,7676,10,1146.9,357.9,1165.6,371.8,54.76,47.4,FALSE,RIGHT,"0,53",RIGHT,1,Counting
elisius1,6,30,7828,7882,56,1165.7,368,1358.3,708.3,455.73,183.71,FALSE,DOWN,"9,35",RIGHT,1,Counting
elisius1,6,31,8192,8216,26,1349.4,732.1,1316,821.1,167.29,84.26,FALSE,DOWN,"2,20",RIGHT,1,Counting
elisius1,6,32,8348,8382,36,1320.5,795.3,1125.3,596.8,355.21,172.39,FALSE,UP,"6,21",RIGHT,1,Counting
elisius1,6,33,8636,8696,62,1124,577.4,438.1,491.2,527.94,242.07,FALSE,LEFT,"14,29",RIGHT,1,Counting
elisius1,6,34,8844,8868,26,409.3,496.2,347.5,598.5,210.59,109.43,FALSE,DOWN,"2,85",RIGHT,1,Counting
elisius1,6,35,9038,9062,26,356.3,584.8,289.7,621.5,135.05,67.2,FALSE,LEFT,"1,61",RIGHT,1,Counting
elisius1,6,36,9338,9392,56,305.1,613.5,215.6,270.3,526.18,203.03,FALSE,UP,"8,81",RIGHT,1,Counting
elisius1,6,37,9542,9564,24,210.6,257.6,247.5,337.8,165.88,88.22,FALSE,DOWN,"2,19",RIGHT,1,Counting
elisius1,6,38,9776,9824,50,242.2,322.2,209.2,75.3,362.16,147.9,FALSE,UP,"6,40",RIGHT,1,Counting
elisius1,6,39,10042,10106,66,202.1,47.6,1047.1,341.1,685.71,301.43,FALSE,RIGHT,"19,07",RIGHT,1,Counting
elisius1,6,40,10314,10338,26,1054.2,341.1,1167.5,367.9,165.78,94.74,FALSE,RIGHT,"2,48",RIGHT,1,Counting
elisius1,6,41,10524,10564,42,1162,367.2,1309.7,290.7,154.25,99.09,FALSE,RIGHT,"3,65",RIGHT,1,Counting
elisius1,6,42,10630,10656,28,1304.6,300.7,1348.4,202.8,158.4,92.78,FALSE,UP,"2,70",RIGHT,1,Counting
elisius1,6,43,10820,10840,22,1344,207.7,1295.2,245.2,101.69,60.7,FALSE,LEFT,"1,40",RIGHT,1,Counting
elisius1,6,44,11138,11184,48,1304.4,236.7,1201.6,455.2,393.23,154.04,FALSE,DOWN,"6,02",RIGHT,1,Counting
elisius1,6,45,11320,11348,30,1191.3,476.1,1372.4,507.3,237.04,125.84,FALSE,RIGHT,"3,78",RIGHT,1,Counting
elisius1,6,46,11596,11640,46,1362.5,505.8,1117.8,613.1,391.22,151.1,FALSE,LEFT,"5,66",RIGHT,1,Counting
elisius1,6,47,11812,11830,20,1099.1,625.2,1166.9,618,99.14,65.88,FALSE,RIGHT,"1,40",RIGHT,1,Counting
elisius1,6,48,11990,12050,62,1159.1,615.7,1241.6,985.1,491.66,159.08,FALSE,DOWN,"8,83",RIGHT,1,Counting
elisius1,6,49,12242,12258,18,1240.2,964.6,1184.2,954.1,82,58.08,FALSE,LEFT,"1,11",RIGHT,1,Counting
elisius1,6,50,12676,12732,58,1195.2,952.2,547.9,865.5,514.86,231.6,FALSE,LEFT,"12,88",RIGHT,1,Counting
elisius1,6,51,12974,12994,22,517.8,868.5,510,781.5,150.45,87.4,FALSE,UP,"2,05",RIGHT,1,Counting
elisius1,6,52,13176,13224,50,503.7,790,231.3,958.4,371.47,155.13,FALSE,LEFT,"6,56",RIGHT,1,Counting
elisius1,6,53,13440,13450,12,209.2,965.1,235.8,947.2,58.67,50.04,FALSE,RIGHT,"0,64",RIGHT,1,Counting
elisius1,6,54,13644,13686,44,241,955,712.1,902.4,374.29,216.85,FALSE,RIGHT,"9,23",RIGHT,1,Counting
elisius1,6,55,13880,13900,22,720,900,699.7,806.6,155.37,98.11,FALSE,UP,"2,22",RIGHT,1,Counting
elisius1,6,56,14068,14094,28,694.3,809.1,782.7,937.6,236.48,121.53,FALSE,DOWN,"3,47",RIGHT,1,Counting
elisius1,6,57,14266,14270,6,778,932.2,786.5,934.2,32.83,31.58,FALSE,.,"0,17",RIGHT,1,Counting
elisius1,6,58,14424,14462,40,791.9,937.1,509.2,645.9,462.36,223.36,FALSE,UP,"8,94",RIGHT,1,Counting
elisius1,6,59,14742,14766,26,499.3,631.5,393.7,575.6,173.99,100.86,FALSE,LEFT,"2,56",RIGHT,1,Counting
elisius1,6,60,14984,15004,22,375.2,576.2,304.3,613.1,124.66,75.04,FALSE,LEFT,"1,69",RIGHT,1,Counting
elisius1,6,61,15202,15240,40,315,616.3,661.2,505.1,371.77,188.34,FALSE,RIGHT,"7,60",RIGHT,1,Counting
elisius1,6,62,15602,15634,34,672.9,505.2,449.2,378.9,305.03,164.26,FALSE,LEFT,"5,67",RIGHT,1,Counting
elisius1,6,63,15874,15906,34,445.6,373,382.8,226.8,199.33,116.37,FALSE,UP,"4,01",RIGHT,1,Counting
elisius1,6,64,16160,16182,24,373.4,221.9,260.7,250.9,163.1,101,FALSE,LEFT,"2,44",RIGHT,1,Counting
elisius1,6,65,16372,16438,68,238.3,257,1219.1,517.3,616.32,318.01,FALSE,RIGHT,"21,11",RIGHT,1,Counting
elisius1,6,66,16664,16690,28,1209.3,507.8,1157,371.9,214.04,130.66,FALSE,UP,"3,65",RIGHT,1,Counting
elisius1,6,67,16886,16924,40,1147.8,355.7,1363.3,200,264.69,150.45,FALSE,RIGHT,"6,03",RIGHT,1,Counting
elisius1,6,68,17176,17196,22,1364.2,197.3,1290.3,243.2,134.77,84.44,FALSE,LEFT,"1,94",RIGHT,1,Counting
elisius1,6,69,17444,17448,6,1294.1,242.6,1303.4,238.3,37.85,35.95,FALSE,.,"0,22",RIGHT,1,Counting
elisius1,6,70,17636,17690,56,1303.3,239.4,741.7,221.3,483.4,222.87,FALSE,LEFT,"11,81",RIGHT,1,Counting
elisius1,6,71,17922,17942,22,706.5,215.5,758,262.2,119.57,71.99,FALSE,DOWN,"1,65",RIGHT,1,Counting
elisius1,6,72,18208,18242,36,756.8,255.8,616.9,65.1,319.22,161.07,FALSE,UP,"5,86",RIGHT,1,Counting
elisius1,6,73,18476,18492,18,608.6,57.6,571.5,88.5,87.39,57.5,FALSE,DOWN,"1,14",RIGHT,1,Counting
elisius1,6,74,18670,18712,44,580,86.9,408.2,162.9,312.17,122.48,FALSE,LEFT,"4,13",RIGHT,1,Counting
elisius1,6,75,18902,18928,28,385.4,169.9,248.8,120.8,179.28,110.06,FALSE,LEFT,"3,09",RIGHT,1,Counting
elisius1,6,76,19160,19174,16,241.6,106.7,217,78.4,73.26,51.25,FALSE,UP,"0,89",RIGHT,1,Counting
elisius1,6,77,19398,19448,52,216.6,81,888.5,66.5,512.69,272.09,FALSE,RIGHT,"14,02",RIGHT,1,Counting
elisius1,6,78,19682,19734,54,901.7,66.4,1498.7,102.4,468.24,231.4,FALSE,RIGHT,"12,45",RIGHT,1,Counting
elisius1,6,79,19962,19978,18,1498.8,106.8,1518.4,77.9,58.02,46.3,FALSE,UP,"0,84",RIGHT,1,Counting
elisius1,6,80,20130,20152,24,1531.3,79.8,1611.2,26.7,146.7,83.78,FALSE,RIGHT,"2,10",RIGHT,1,Counting
elisius1,6,81,20304,20344,42,1605.8,30.2,1406.1,67,327.15,130.14,FALSE,LEFT,"4,13",RIGHT,1,Counting
elisius1,6,82,20482,20500,20,1381.4,65.9,1433.3,92.8,95.63,59.05,FALSE,RIGHT,"1,27",RIGHT,1,Counting
elisius1,6,83,20786,20856,72,1420.2,80.3,791.1,539.2,564.62,265.3,FALSE,LEFT,"17,55",RIGHT,1,Counting
elisius1,6,84,21040,21092,54,761.7,554.7,387.5,482.2,407.19,173.48,FALSE,LEFT,"7,94",RIGHT,1,Counting
elisius1,7,1,150,188,40,339.9,474.8,793.2,574.2,459.55,241.68,FALSE,RIGHT,"9,67",RIGHT,1,Counting
elisius1,7,2,444,482,40,786.6,566.2,1130.5,487.7,410.64,184.56,FALSE,RIGHT,"7,42",RIGHT,1,Counting
elisius1,7,3,624,686,64,1128.7,504,724.7,902.6,585.23,206.4,FALSE,DOWN,"12,65",RIGHT,1,Counting
elisius1,7,4,854,874,22,725.4,903.4,651.5,855.5,141.4,79.79,FALSE,LEFT,"1,85",RIGHT,1,Counting
elisius1,7,5,1220,1264,46,654.4,858.2,327.6,606.4,369.21,195.27,FALSE,LEFT,"8,91",RIGHT,1,Counting
elisius1,7,6,1518,1560,44,307,594.2,639.6,834.3,420.21,200.77,FALSE,RIGHT,"8,82",RIGHT,1,Counting
elisius1,7,7,1960,2016,58,662.5,834.7,1474.6,891.6,500.96,277.77,FALSE,RIGHT,"15,93",RIGHT,1,Counting
elisius1,7,8,2226,2286,62,1487.3,897.7,692.7,869.5,557.7,259.01,FALSE,LEFT,"15,49",RIGHT,1,Counting
elisius1,7,9,2588,2638,52,653.1,873.4,335.5,945.2,374.87,151.02,FALSE,LEFT,"6,43",RIGHT,1,Counting
elisius1,7,10,2996,3042,48,304.7,954.3,664.6,596.1,449.44,239.83,FALSE,UP,"11,08",RIGHT,1,Counting
elisius1,7,11,3180,3232,54,668.6,572.9,226.6,617.5,403.6,181.13,FALSE,LEFT,"9,02",RIGHT,1,Counting
elisius1,7,12,3358,3418,62,195.4,619.6,1059.6,558.8,555.79,286.42,FALSE,RIGHT,"17,51",RIGHT,1,Counting
elisius1,7,13,3586,3608,24,1061,571.6,1145.3,535.8,136.31,78.24,FALSE,RIGHT,"1,96",RIGHT,1,Counting
elisius1,7,14,3760,3808,50,1131.6,541.9,822.1,632.5,409.39,154.2,FALSE,LEFT,"6,79",RIGHT,1,Counting
elisius1,7,15,4074,4120,48,794,646.5,657.8,777.9,274.63,108.52,FALSE,DOWN,"4,24",RIGHT,1,Counting
elisius1,7,16,4252,4284,34,648.3,796,771.6,634,267.95,136.46,FALSE,UP,"4,68",RIGHT,1,Counting
elisius1,7,17,4528,4570,44,770.1,628.9,665.4,798.5,330.65,130.13,FALSE,DOWN,"4,64",RIGHT,1,Counting
elisius1,7,18,4746,4762,18,653,812.7,665,856.1,83.29,51.13,FALSE,DOWN,"1,05",RIGHT,1,Counting
elisius1,7,19,4992,5038,48,663.1,843.4,1231.3,820.7,448,238.26,FALSE,RIGHT,"11,33",RIGHT,1,Counting
elisius1,7,20,5220,5274,56,1245.5,815.5,795.6,683.8,416,177.64,FALSE,LEFT,"9,61",RIGHT,1,Counting
elisius1,7,21,5472,5498,28,765.6,679.7,613,721,231.55,115.02,FALSE,LEFT,"3,28",RIGHT,1,Counting
elisius1,7,22,5770,5800,32,622.2,718.6,676.5,883.7,246.14,126.61,FALSE,DOWN,"4,07",RIGHT,1,Counting
elisius1,7,23,6032,6042,12,671.9,865.4,663.2,839.4,55.97,47.3,FALSE,UP,"0,63",RIGHT,1,Counting
elisius1,7,24,6380,6430,52,663.2,844.9,378.9,931.4,352.59,144.92,FALSE,LEFT,"5,94",RIGHT,1,Counting
elisius1,7,25,6720,6738,20,356.4,942.4,286.7,958,100.82,62.5,FALSE,LEFT,"1,38",RIGHT,1,Counting
elisius1,7,26,6910,6964,56,297.3,955.6,1001.5,859,461.12,250.41,FALSE,RIGHT,"13,94",RIGHT,1,Counting
elisius1,7,27,7198,7228,32,1005.8,854.4,795,913.2,277.94,137.41,FALSE,LEFT,"4,43",RIGHT,1,Counting
elisius1,7,28,7386,7434,50,793,912.1,1316.8,875.5,391.49,207.25,FALSE,RIGHT,"10,36",RIGHT,1,Counting
elisius1,7,29,7652,7674,24,1321.7,869.3,1202.8,851.2,164.67,95.1,FALSE,LEFT,"2,37",RIGHT,1,Counting
elisius1,7,30,7850,7890,42,1209.8,849.1,835.3,651,376.94,211.86,FALSE,LEFT,"8,94",RIGHT,1,Counting
elisius1,7,31,8290,8334,46,821.7,652.2,654.5,819.2,356.14,129.43,FALSE,DOWN,"5,28",RIGHT,1,Counting
elisius1,7,32,8502,8518,18,630.6,831.1,660.1,869.6,78.89,54.84,FALSE,DOWN,"1,08",RIGHT,1,Counting
elisius1,7,33,8844,8888,46,651.2,870.3,355.1,987.6,360.92,163.41,FALSE,LEFT,"6,37",RIGHT,1,Counting
elisius1,7,34,9116,9168,54,330.3,989.7,190.3,642.4,381.01,175.07,FALSE,UP,"8,48",RIGHT,1,Counting
elisius1,7,35,9402,9458,58,177.2,603.1,1055.5,528.3,562.74,311.87,FALSE,RIGHT,"17,84",RIGHT,1,Counting
elisius1,7,36,9632,9658,28,1050.6,523.8,871.3,643.3,323.73,169.47,FALSE,LEFT,"4,78",RIGHT,1,Counting
elisius1,7,37,10088,10144,58,855.2,635.8,1489.4,781.3,493.24,234.65,FALSE,RIGHT,"13,13",RIGHT,1,Counting
elisius1,7,38,10368,10386,20,1500.1,791.3,1438.5,820.7,102.11,63.43,FALSE,LEFT,"1,37",RIGHT,1,Counting
elisius1,7,39,10506,10562,58,1453.4,820.1,968.4,578.3,477.9,206.23,FALSE,LEFT,"11,33",RIGHT,1,Counting
elisius1,7,40,10720,10772,54,940.1,570.2,609.8,890.3,504.09,202.34,FALSE,DOWN,"10,22",RIGHT,1,Counting
elisius1,7,41,11006,11020,16,585.4,904.6,624.6,883.3,68.6,54.27,FALSE,RIGHT,"0,92",RIGHT,1,Counting
elisius1,7,42,11104,11120,18,630,881.7,667.6,847.6,82.31,56.86,FALSE,UP,"1,09",RIGHT,1,Counting
elisius1,7,43,11456,11464,10,652,850.3,630.5,849.6,45.74,40.29,FALSE,.,"0,43",RIGHT,1,Counting
elisius1,7,44,11564,11612,50,632.1,851.6,302.1,951.1,417.14,164.09,FALSE,LEFT,"6,84",RIGHT,1,Counting
elisius1,7,45,11794,11844,52,268.2,961.9,199.3,642.5,394.69,169.38,FALSE,UP,"7,53",RIGHT,1,Counting
elisius1,7,46,12060,12120,62,186,609.7,1040.2,538.7,508.61,283.58,FALSE,RIGHT,"17,35",RIGHT,1,Counting
elisius1,7,47,12328,12346,20,1050,540.5,1111.8,538,85.98,59.1,FALSE,RIGHT,"1,28",RIGHT,1,Counting
elisius1,7,48,12608,12656,50,1108.5,533.6,852.7,636.1,357.39,132.53,FALSE,LEFT,"5,88",RIGHT,1,Counting
elisius1,7,49,12962,13026,66,825.5,642.4,127.7,677.8,480.4,218.93,FALSE,LEFT,"13,97",RIGHT,1,Counting
elisius1,7,50,13200,13216,18,109.1,674.9,150.2,634.2,95.36,64.85,FALSE,UP,"1,26",RIGHT,1,Counting
elisius1,7,51,13450,13486,38,147.9,633.3,431.1,701.1,324.79,152.21,FALSE,RIGHT,"5,84",RIGHT,1,Counting
elisius1,7,52,13724,13764,42,432.6,702.4,796.3,677.8,343.03,175.75,FALSE,RIGHT,"7,42",RIGHT,1,Counting
elisius1,7,53,14014,14064,52,793.7,673.4,1478.3,765.2,504.59,268.8,FALSE,RIGHT,"13,83",RIGHT,1,Counting
elisius1,7,54,14332,14354,24,1478.5,765.3,1385.9,714,152.59,87.67,FALSE,LEFT,"2,18",RIGHT,1,Counting
elisius1,7,55,14484,14546,64,1389.3,712,472.6,658.5,577.07,299.26,FALSE,LEFT,"18,38",RIGHT,1,Counting
elisius1,7,56,14710,14752,44,436,658.2,208.6,638,302.61,129.99,FALSE,LEFT,"4,56",RIGHT,1,Counting
elisius1,7,57,14936,14978,44,177.1,634.9,787.9,626.3,502.84,280.89,FALSE,RIGHT,"12,29",RIGHT,1,Counting
elisius1,7,58,15236,15294,60,799.7,629,219.7,622.7,451.24,209.93,FALSE,LEFT,"11,72",RIGHT,1,Counting
elisius1,7,59,15696,15744,50,180.8,628.9,869.9,612.7,531.79,279.53,FALSE,RIGHT,"13,90",RIGHT,1,Counting
elisius1,7,60,16204,16246,44,872.8,614.9,332,620.4,460.59,251.08,FALSE,LEFT,"11,03",RIGHT,1,Counting
elisius1,7,61,16540,16578,40,305.7,617.5,186.4,636.5,232.54,96.48,FALSE,LEFT,"2,41",RIGHT,1,Counting
elisius1,7,62,16866,16902,38,157.5,647,623.4,653.4,458.66,243.63,FALSE,RIGHT,"9,32",RIGHT,1,Counting
elisius1,7,63,17022,17076,56,632.3,657.9,145.1,685.4,444.22,192.29,FALSE,LEFT,"9,74",RIGHT,1,Counting
elisius1,7,64,17294,17314,22,115.4,680.7,80.6,719.8,90.56,53.97,FALSE,DOWN,"1,14",RIGHT,1,Counting
elisius1,7,65,17498,17536,40,90.4,703.3,102.1,816.2,271.13,119.44,FALSE,DOWN,"2,65",RIGHT,1,Counting
elisius1,7,66,17668,17678,12,105.7,834.1,100.5,808.9,52.8,41.41,FALSE,UP,"0,59",RIGHT,1,Counting
elisius1,7,67,17810,17852,44,101,816.4,585.9,890.5,451.98,219.83,FALSE,RIGHT,"9,55",RIGHT,1,Counting
elisius1,7,68,18142,18164,24,602.4,894.4,511.1,932.5,146.12,83.43,FALSE,LEFT,"2,00",RIGHT,1,Counting
elisius1,7,69,18334,18376,44,519.9,927.7,316.8,945.5,310.12,124.33,FALSE,LEFT,"3,96",RIGHT,1,Counting
elisius1,7,70,18590,18622,34,288.7,948.6,593.9,912.3,347.94,173.94,FALSE,RIGHT,"5,99",RIGHT,1,Counting
elisius1,7,71,18800,18820,22,602.8,908.8,520.2,931.2,128.98,73.8,FALSE,LEFT,"1,71",RIGHT,1,Counting
elisius1,7,72,18990,19014,26,526.7,921.1,625.5,897.5,131.46,75.74,FALSE,RIGHT,"2,02",RIGHT,1,Counting
elisius1,7,73,19450,19464,16,613.1,897.1,653.3,865.8,84.1,64.11,FALSE,RIGHT,"1,08",RIGHT,1,Counting
elisius1,7,74,20052,20080,30,652.2,838.8,838.9,901.3,273.01,135.86,FALSE,RIGHT,"4,01",RIGHT,1,Counting
elisius1,7,75,20590,20610,22,824.9,902.4,889.2,862.5,108.35,70.36,FALSE,RIGHT,"1,59",RIGHT,1,Counting
elisius1,7,76,20836,20868,34,892.2,874.7,932,749.2,175.93,93.51,FALSE,UP,"3,08",RIGHT,1,Counting
elisius1,7,77,21010,21032,24,930,758.1,822.3,706.6,163.22,102.93,FALSE,LEFT,"2,53",RIGHT,1,Counting
elisius1,8,1,66,80,16,816.4,698.9,769.4,696.7,77.75,53.71,FALSE,LEFT,"0,97",RIGHT,1,Counting
elisius1,8,2,434,474,42,768,691.1,782.7,415.2,278.6,168.09,FALSE,UP,"6,96",RIGHT,1,Counting
elisius1,8,3,626,666,42,782.1,401.9,1163.3,396.8,349.65,190.15,FALSE,RIGHT,"8,01",RIGHT,1,Counting
elisius1,8,4,990,1010,22,1173.8,388.7,1094.7,348,139.04,87.76,FALSE,LEFT,"1,96",RIGHT,1,Counting
elisius1,8,5,1166,1206,42,1090.9,334,1305.5,506.5,314.15,148.26,FALSE,RIGHT,"6,27",RIGHT,1,Counting
elisius1,8,6,1356,1380,26,1307.1,499.2,1331.7,591.3,176.63,90.63,FALSE,DOWN,"2,35",RIGHT,1,Counting
elisius1,8,7,1534,1574,42,1328.7,580.3,1516.8,366.3,289.44,158.34,FALSE,UP,"6,56",RIGHT,1,Counting
elisius1,8,8,1714,1742,30,1512.9,355.9,1301.4,333,278.25,143.9,FALSE,LEFT,"4,33",RIGHT,1,Counting
elisius1,8,9,2046,2080,36,1300.7,317,1565.2,331.1,266.53,147.89,FALSE,RIGHT,"5,36",RIGHT,1,Counting
elisius1,8,10,2322,2358,38,1574,337.3,1459.9,168.7,238.01,127.02,FALSE,UP,"4,88",RIGHT,1,Counting
elisius1,8,11,2612,2632,22,1453.9,167.5,1505.9,218.6,108.13,73.79,FALSE,DOWN,"1,69",RIGHT,1,Counting
elisius1,8,12,2798,2832,36,1498.9,219.8,1360.6,241.1,254.14,110.1,FALSE,LEFT,"2,87",RIGHT,1,Counting
elisius1,8,13,3032,3046,16,1345.2,239,1326,210.6,65.8,47.62,FALSE,UP,"0,84",RIGHT,1,Counting
elisius1,8,14,3164,3184,22,1330.3,215.9,1415.2,242,126.76,83.55,FALSE,RIGHT,"1,87",RIGHT,1,Counting
elisius1,8,15,3436,3442,8,1406,245.5,1393.6,242.8,33.34,30.37,FALSE,.,"0,26",RIGHT,1,Counting
elisius1,8,16,3642,3668,28,1391,243.9,1318.3,177.1,131.37,79.3,FALSE,UP,"2,29",RIGHT,1,Counting
elisius1,8,17,3918,3934,18,1323.8,169.6,1365.7,124.6,100.09,79.19,FALSE,UP,"1,46",RIGHT,1,Counting
elisius1,8,18,4278,4328,52,1376.2,118.3,984.6,232.5,456.98,182.8,FALSE,LEFT,"8,72",RIGHT,1,Counting
elisius1,8,19,4720,4752,34,944.3,241.9,1185.2,279.5,287.91,154.63,FALSE,RIGHT,"5,19",RIGHT,1,Counting
elisius1,8,20,5132,5158,28,1183.6,271.6,1064.4,350.1,223.65,118.09,FALSE,LEFT,"3,24",RIGHT,1,Counting
elisius1,8,21,5374,5410,38,1064.1,339,1193,101.2,344.51,183.49,FALSE,UP,"6,81",RIGHT,1,Counting
elisius1,8,22,5952,5992,42,1185.5,91.9,1520.5,155.8,326.01,169.49,FALSE,RIGHT,"7,08",RIGHT,1,Counting
elisius1,8,23,6328,6354,28,1525.4,157.8,1442.3,204.2,134.88,83.61,FALSE,LEFT,"2,06",RIGHT,1,Counting
elisius1,8,24,6528,6548,22,1447.3,187,1385.8,150.5,110.57,67.1,FALSE,LEFT,"1,57",RIGHT,1,Counting
elisius1,8,25,6814,6838,26,1391.1,153.3,1277.2,87.7,182.2,114.99,FALSE,LEFT,"2,91",RIGHT,1,Counting
elisius1,8,26,7050,7068,20,1256.2,80.3,1199.6,97.9,92.38,60.27,FALSE,LEFT,"1,27",RIGHT,1,Counting
elisius1,8,27,7348,7362,16,1200.9,98.2,1237.1,114.7,67.54,50.13,FALSE,RIGHT,"0,88",RIGHT,1,Counting
elisius1,8,28,7490,7512,24,1232.4,109.3,1131.6,78.8,165.37,89.91,FALSE,LEFT,"2,27",RIGHT,1,Counting
elisius1,8,29,7746,7762,18,1134.9,79.8,1085,82.2,79.89,52.93,FALSE,LEFT,"1,06",RIGHT,1,Counting
elisius1,8,30,8436,8454,20,1094,83.6,1158.7,64.2,107.22,69.35,FALSE,RIGHT,"1,46",RIGHT,1,Counting
elisius1,8,31,8700,8736,38,1151.7,60.4,1081.9,108.4,179.49,95.32,FALSE,LEFT,"1,95",RIGHT,1,Counting
elisius1,8,32,8914,8936,24,1073.5,114,1046.1,189.8,145.93,81.49,FALSE,DOWN,"2,09",RIGHT,1,Counting
elisius1,8,33,9228,9254,28,1046.5,168.8,1090.6,277.8,204.33,105.83,FALSE,DOWN,"3,02",RIGHT,1,Counting
elisius1,8,34,9616,9642,28,1072.4,266.4,1065.9,353,130.4,76.36,FALSE,DOWN,"2,27",RIGHT,1,Counting
elisius1,8,35,9998,10026,30,1068.6,344.6,1005,244.3,176.81,96.86,FALSE,UP,"2,95",RIGHT,1,Counting
elisius1,8,36,10226,10248,24,1004.8,236.9,926.3,299.8,171.3,96.15,FALSE,LEFT,"2,35",RIGHT,1,Counting
elisius1,8,37,10682,10692,12,940.6,295.9,964.4,315.4,67.63,57.38,FALSE,DOWN,"0,72",RIGHT,1,Counting
elisius1,8,38,10918,10946,30,962.7,316.9,924.6,164.2,255.03,135.03,FALSE,UP,"4,11",RIGHT,1,Counting
elisius1,8,39,11168,11190,24,917.3,164.9,937.2,229.3,119.3,70.71,FALSE,DOWN,"1,76",RIGHT,1,Counting
elisius1,8,40,12328,12348,22,934.6,214.5,1004.1,192.9,112.59,70.3,FALSE,RIGHT,"1,59",RIGHT,1,Counting
elisius1,8,41,12642,12664,24,990,190.5,900.3,211.8,148.55,79.3,FALSE,LEFT,"2,00",RIGHT,1,Counting
elisius1,8,42,12884,12908,26,913.1,209.9,1004.7,128.9,173.59,112.89,FALSE,UP,"2,90",RIGHT,1,Counting
elisius1,8,43,13204,13210,8,1017.3,102.1,1027.9,94.2,38.93,36.51,FALSE,.,"0,31",RIGHT,1,Counting
elisius1,8,44,13332,13360,30,1023.4,92.7,858,77.2,242.18,120.64,FALSE,LEFT,"3,56",RIGHT,1,Counting
elisius1,8,45,13600,13624,26,863.4,77.9,816,132.7,131.55,75.49,FALSE,DOWN,"1,78",RIGHT,1,Counting
elisius1,8,46,13864,13876,14,817.9,116.3,796,141.3,67.13,55.03,FALSE,DOWN,"0,81",RIGHT,1,Counting
elisius1,8,47,14168,14186,20,795.8,137.2,840.8,86.3,119.41,81.15,FALSE,UP,"1,66",RIGHT,1,Counting
elisius1,8,48,14378,14406,30,852.7,83.1,696.2,45.2,224.69,116.42,FALSE,LEFT,"3,50",RIGHT,1,Counting
elisius1,8,49,14646,14666,22,704.9,44,782.2,49.7,109.34,72.14,FALSE,RIGHT,"1,66",RIGHT,1,Counting
elisius1,8,50,14816,14838,24,772.5,45.1,692.9,55.5,125.23,70.26,FALSE,LEFT,"1,72",RIGHT,1,Counting
elisius1,8,51,15122,15134,14,702.1,52,672.1,63.6,59.64,45.75,FALSE,LEFT,"0,71",RIGHT,1,Counting
elisius1,8,52,15356,15376,22,682.4,62.5,607,65.1,115.79,69.8,FALSE,LEFT,"1,61",RIGHT,1,Counting
elisius1,8,53,15558,15564,8,620.7,62,633.4,61.7,38,34.42,FALSE,.,"0,27",RIGHT,1,Counting
elisius1,8,54,15862,15900,40,630.3,60.9,565.2,133.7,218.97,102.09,FALSE,DOWN,"2,37",RIGHT,1,Counting
elisius1,8,55,16086,16098,14,543.4,143.5,574.5,166,74.8,58.84,FALSE,RIGHT,"0,89",RIGHT,1,Counting
elisius1,8,56,16360,16390,32,567.5,175,610.9,52.3,183.99,103.14,FALSE,UP,"3,37",RIGHT,1,Counting
elisius1,8,57,16664,16710,48,602.4,51.8,490.2,137.8,238.24,104.44,FALSE,LEFT,"3,29",RIGHT,1,Counting
elisius1,8,58,16848,16864,18,481.3,149.7,509.5,112.7,87.76,60.4,FALSE,UP,"1,14",RIGHT,1,Counting
elisius1,8,59,17376,17402,28,521.9,115.3,378.6,115.6,206.31,104.95,FALSE,LEFT,"3,00",RIGHT,1,Counting
elisius1,8,60,17592,17602,12,386.8,108.9,389.7,85.2,58.34,48.19,FALSE,UP,"0,62",RIGHT,1,Counting
elisius1,8,61,17764,17788,26,384.9,85.2,511.3,38.8,198.57,109.89,FALSE,RIGHT,"2,92",RIGHT,1,Counting
elisius1,8,62,17966,18024,60,512,38.6,380.1,524.6,467.63,217.33,FALSE,DOWN,"12,82",RIGHT,1,Counting
elisius1,8,63,18246,18286,42,366,493,437.4,132.4,432.3,224.87,FALSE,UP,"9,41",RIGHT,1,Counting
elisius1,8,64,18522,18544,24,437.9,124.4,377,174.1,127.17,77.18,FALSE,DOWN,"1,82",RIGHT,1,Counting
elisius1,8,65,18792,18816,26,386.4,170.9,369.4,63.3,186.35,105.4,FALSE,UP,"2,84",RIGHT,1,Counting
elisius1,8,66,19014,19020,8,366.7,66.8,380,74.5,43.11,39.04,FALSE,.,"0,34",RIGHT,1,Counting
elisius1,8,67,19328,19386,60,389.1,75.4,295.2,368.8,325.46,166.23,FALSE,DOWN,"7,84",RIGHT,1,Counting
elisius1,8,68,19588,19608,22,285.7,395,349.3,348,125.99,78.13,FALSE,RIGHT,"1,77",RIGHT,1,Counting
elisius1,8,69,19880,19920,42,350.6,334.8,559.5,454,277.26,126.45,FALSE,RIGHT,"5,30",RIGHT,1,Counting
elisius1,8,70,20066,20118,54,562.5,444.9,439.9,143.2,379.35,167.93,FALSE,UP,"8,24",RIGHT,1,Counting
elisius1,8,71,20358,20390,34,437.7,107.5,393.7,158,165.08,82.7,FALSE,DOWN,"1,61",RIGHT,1,Counting
elisius1,8,72,20688,20736,50,384.9,165,764.1,532.8,551.9,248.87,FALSE,DOWN,"12,34",RIGHT,1,Counting
elisius1,8,73,20974,21020,48,767,539,528.4,268,299.89,183.57,FALSE,UP,"8,59",RIGHT,1,Counting
elisius1,9,1,348,534,188,412.6,126.3,584.8,609,1260.5,301.61,TRUE,DOWN,"12,84",RIGHT,1,Counting
elisius1,9,2,698,720,24,578.8,631.2,567.2,691.2,109.62,63.07,FALSE,DOWN,"1,49",RIGHT,1,Counting
elisius1,9,3,854,894,42,564.1,686.5,788.6,561.5,240.27,132.16,FALSE,RIGHT,"5,57",RIGHT,1,Counting
elisius1,9,4,1058,1088,32,781.5,557.2,876.8,397.9,263.33,141.9,FALSE,UP,"4,54",RIGHT,1,Counting
elisius1,9,5,1462,1486,26,883.6,384.2,719.6,391.7,229.66,131.76,FALSE,LEFT,"3,48",RIGHT,1,Counting
elisius1,9,6,1694,1744,52,705,383.6,544.5,690.6,479.7,180.12,FALSE,DOWN,"8,41",RIGHT,1,Counting
elisius1,9,7,2094,2140,48,527.2,699.5,829.5,390.4,375.27,212.55,FALSE,UP,"9,99",RIGHT,1,Counting
elisius1,9,8,2320,2346,28,835.5,377.1,683.1,381.8,199.34,111.89,FALSE,LEFT,"3,22",RIGHT,1,Counting
elisius1,9,9,2694,2720,28,687.8,374.1,882.8,395,259.52,148.38,FALSE,RIGHT,"4,16",RIGHT,1,Counting
elisius1,9,10,3100,3130,32,896.3,397,687.2,390.9,262.29,137.16,FALSE,LEFT,"4,42",RIGHT,1,Counting
elisius1,9,11,3308,3362,56,675.6,384,518.6,649.5,363.19,150.29,FALSE,DOWN,"7,46",RIGHT,1,Counting
elisius1,9,12,3566,3584,20,504,671,556.3,707.9,101.55,65.84,FALSE,RIGHT,"1,39",RIGHT,1,Counting
elisius1,9,13,3970,3996,28,545.6,702.9,660.5,746.6,143.86,90.77,FALSE,RIGHT,"2,56",RIGHT,1,Counting
elisius1,9,14,4114,4170,58,667.9,748.5,716.1,411,312.08,155.28,FALSE,UP,"8,49",RIGHT,1,Counting
elisius1,9,15,4378,4404,28,716,380.3,866.3,381.9,196.35,113.43,FALSE,RIGHT,"3,18",RIGHT,1,Counting
elisius1,9,16,4730,4746,18,872.5,383.4,930.8,396.3,89.87,68.55,FALSE,RIGHT,"1,28",RIGHT,1,Counting
elisius1,9,17,4906,4918,14,923.5,393.9,886.4,388.5,65.81,51.96,FALSE,LEFT,"0,80",RIGHT,1,Counting
elisius1,9,18,5240,5264,26,889.1,389.9,987,395.9,144.1,78.67,FALSE,RIGHT,"2,07",RIGHT,1,Counting
elisius1,9,19,5482,5534,54,982.8,395.1,1018.9,693.2,384.21,167.47,FALSE,DOWN,"7,55",RIGHT,1,Counting
elisius1,9,20,5688,5712,26,1025.7,719.1,933.6,685.3,145.04,78.49,FALSE,LEFT,"2,06",RIGHT,1,Counting
elisius1,9,21,5884,5894,12,933.1,681.6,912.6,681.7,41.64,36.84,FALSE,.,"0,42",RIGHT,1,Counting
elisius1,9,22,6338,6366,30,904.7,686.4,1073.5,687.4,194.81,113.05,FALSE,RIGHT,"3,46",RIGHT,1,Counting
elisius1,9,23,6506,6516,12,1064.2,685.9,1036.4,692.4,53.41,45.35,FALSE,LEFT,"0,59",RIGHT,1,Counting
elisius1,9,24,6650,6660,12,1037.6,686.5,1026.8,666.6,50.36,42.78,FALSE,UP,"0,54",RIGHT,1,Counting
elisius1,9,25,6810,6814,6,1015.4,670.1,1006.4,669.2,37.34,35.59,FALSE,.,"0,19",RIGHT,1,Counting
elisius1,9,26,7004,7032,30,999.9,667,1177.4,670.1,223.38,120.93,FALSE,RIGHT,"3,62",RIGHT,1,Counting
elisius1,9,27,7192,7214,24,1175.7,667.7,1042.6,662.7,196.67,106.84,FALSE,LEFT,"2,72",RIGHT,1,Counting
elisius1,9,28,7436,7468,34,1052.8,651.8,1215.5,674,149.76,96.65,FALSE,RIGHT,"3,36",RIGHT,1,Counting
elisius1,9,29,7694,7704,12,1197.6,672.7,1216.8,686.3,47.36,40.52,FALSE,RIGHT,"0,51",RIGHT,1,Counting
elisius1,9,30,8140,8154,16,1219.7,698.4,1272.3,693.4,79.71,62.92,FALSE,RIGHT,"1,06",RIGHT,1,Counting
elisius1,9,31,8964,8972,10,1274.6,675.4,1295.7,682.3,48.05,41.18,FALSE,.,"0,46",RIGHT,1,Counting
elisius1,9,32,9646,9660,16,1299.7,682.7,1341.9,699,68.98,54,FALSE,RIGHT,"0,93",RIGHT,1,Counting
elisius1,9,33,10094,10116,24,1331.1,698.1,1434.5,731.5,151.45,89.42,FALSE,RIGHT,"2,19",RIGHT,1,Counting
elisius1,9,34,10314,10320,8,1417.1,728.2,1404.6,728.6,33.57,30.29,FALSE,.,"0,25",RIGHT,1,Counting
elisius1,9,35,10588,10604,18,1394.2,734.4,1352.9,708.5,78.9,52.65,FALSE,LEFT,"1,02",RIGHT,1,Counting
elisius1,9,36,10816,10834,20,1351.9,713.3,1416.7,742.1,107.53,67.79,FALSE,RIGHT,"1,45",RIGHT,1,Counting
elisius1,9,37,11312,11318,8,1403.2,742.8,1419.2,746.6,43.4,40.41,FALSE,.,"0,33",RIGHT,1,Counting
elisius1,9,38,11636,11650,16,1418.1,732.6,1464.1,733.4,69.69,52.99,FALSE,RIGHT,"0,90",RIGHT,1,Counting
elisius1,9,39,12208,12222,16,1450.7,732.2,1406,733.2,70.1,49.92,FALSE,LEFT,"0,88",RIGHT,1,Counting
elisius1,9,40,12400,12418,20,1414.1,727.1,1486.4,745.4,107.57,68.66,FALSE,RIGHT,"1,48",RIGHT,1,Counting
elisius1,9,41,12710,12714,6,1468.3,745.9,1459.8,744.4,32.92,30.89,FALSE,.,"0,17",RIGHT,1,Counting
elisius1,9,42,12976,12986,12,1454.5,751.7,1479.6,736.3,55.57,45.4,FALSE,RIGHT,"0,61",RIGHT,1,Counting
elisius1,9,43,13722,13730,10,1483.3,729,1507.1,720.5,53.07,46.44,FALSE,RIGHT,"0,50",RIGHT,1,Counting
elisius1,9,44,14720,14728,10,1486.3,711.4,1508.1,709.6,45.08,39.47,FALSE,.,"0,43",RIGHT,1,Counting
elisius1,9,45,14944,14958,16,1505.8,712.1,1486.1,681.2,64.48,46.69,FALSE,UP,"0,83",RIGHT,1,Counting
elisius1,9,46,15242,15250,10,1477.8,685,1485.8,670.5,40.4,35.8,FALSE,.,"0,38",RIGHT,1,Counting
elisius1,9,47,15804,15814,12,1484.3,666.6,1523.7,670.3,68.72,56.91,FALSE,RIGHT,"0,77",RIGHT,1,Counting
elisius1,9,48,16726,16738,14,1502,689.1,1532.5,705.7,59.53,47.59,FALSE,RIGHT,"0,71",RIGHT,1,Counting
elisius1,9,49,17146,17164,20,1509.4,695.6,1569.6,738.2,113.1,75.04,FALSE,RIGHT,"1,54",RIGHT,1,Counting
elisius1,9,50,17514,17524,12,1549,730.2,1527.2,713.3,53.56,46.16,FALSE,LEFT,"0,58",RIGHT,1,Counting
elisius1,9,51,17974,17990,18,1526.7,723.4,1582.5,744.3,85.78,62.26,FALSE,RIGHT,"1,18",RIGHT,1,Counting
elisius1,9,52,18302,18312,12,1566,748.5,1540.7,741,48.17,40.37,FALSE,LEFT,"0,52",RIGHT,1,Counting
elisius1,9,53,18786,18796,12,1535.9,733.3,1555.7,753,56.36,47.38,FALSE,DOWN,"0,60",RIGHT,1,Counting
elisius1,9,54,19190,19202,14,1545.6,738,1581.5,719.2,70.16,53.44,FALSE,RIGHT,"0,82",RIGHT,1,Counting
elisius1,9,55,19380,19436,58,1573.6,722,855.5,680.4,520.62,255.51,FALSE,LEFT,"14,28",RIGHT,1,Counting
elisius1,9,56,19638,19658,22,826.1,687.5,908.7,661.9,128.51,78.93,FALSE,RIGHT,"1,81",RIGHT,1,Counting
elisius1,9,57,19866,19914,50,899.9,669.3,1546.1,752.5,484.37,262,FALSE,RIGHT,"12,98",RIGHT,1,Counting
elisius1,9,58,20282,20298,18,1557.8,759.6,1616.6,782.3,92.36,64.73,FALSE,RIGHT,"1,24",RIGHT,1,Counting
elisius1,9,59,20442,20510,70,1600.1,777.4,553.6,679.9,609.44,315.18,FALSE,LEFT,"20,67",RIGHT,1,Counting
elisius1,9,60,20804,20826,24,527.4,688.6,647.5,733.3,197.53,107.46,FALSE,RIGHT,"2,67",RIGHT,1,Counting
elisius1,9,61,21168,21200,34,642.8,738.5,672.1,746.2,53.44,28.13,FALSE,RIGHT,"0,62",RIGHT,1,Counting
elisius1,10,1,336,374,40,672.3,746.9,765.5,506.2,270.68,156.06,FALSE,UP,"6,27",RIGHT,1,Counting
elisius1,10,2,582,622,42,760.2,502.8,581,650.6,272.34,132.08,FALSE,LEFT,"5,25",RIGHT,1,Counting
elisius1,10,3,764,774,12,576.1,650.8,605.9,658.8,59.67,50.34,FALSE,RIGHT,"0,64",RIGHT,1,Counting
elisius1,10,4,932,972,42,604.4,662.4,756.3,480.6,276.69,138.62,FALSE,UP,"5,55",RIGHT,1,Counting
elisius1,10,5,1122,1144,24,750.1,468.5,846.5,477.5,128.19,81.83,FALSE,RIGHT,"2,04",RIGHT,1,Counting
elisius1,10,6,1414,1430,18,841.6,479.6,896.5,479.1,80.73,61.15,FALSE,RIGHT,"1,15",RIGHT,1,Counting
elisius1,10,7,1580,1590,12,886.4,472.4,858,466.9,55.15,45.84,FALSE,LEFT,"0,61",RIGHT,1,Counting
elisius1,10,8,1696,1718,24,854.3,470.8,914.5,415.2,127.32,81.64,FALSE,UP,"1,92",RIGHT,1,Counting
elisius1,10,9,1980,1998,20,927.7,394.3,995.1,374.1,110.81,72.76,FALSE,RIGHT,"1,52",RIGHT,1,Counting
elisius1,10,10,2232,2254,24,1000.7,371.4,1067.2,306.9,139.86,89.8,FALSE,UP,"2,19",RIGHT,1,Counting
elisius1,10,11,2456,2476,22,1067,289.4,1012.6,347.6,133.93,82.89,FALSE,DOWN,"1,91",RIGHT,1,Counting
elisius1,10,12,2838,2862,26,1013.3,341.4,1095.8,251,190.76,111.81,FALSE,UP,"2,94",RIGHT,1,Counting
elisius1,10,13,3198,3214,18,1103.5,250,1144,216.7,92.31,63.67,FALSE,UP,"1,22",RIGHT,1,Counting
elisius1,10,14,3388,3398,12,1145.6,217.8,1163.8,203.2,48.54,40.75,FALSE,UP,"0,54",RIGHT,1,Counting
elisius1,10,15,3644,3662,20,1165.1,204.9,1196.5,159.2,103.94,65.07,FALSE,UP,"1,37",RIGHT,1,Counting
elisius1,10,16,3810,3834,26,1187.9,157.9,1295.1,113.3,161.98,97.35,FALSE,RIGHT,"2,53",RIGHT,1,Counting
elisius1,10,17,4238,4252,16,1286,104.9,1273,66,82.65,60.84,FALSE,UP,"1,06",RIGHT,1,Counting
elisius1,10,18,4680,4696,18,1273.1,61.6,1227.6,70.5,70.35,50.26,FALSE,LEFT,"0,98",RIGHT,1,Counting
elisius1,10,19,4880,4888,10,1237.9,73.5,1257.1,78.9,44.4,39.05,FALSE,.,"0,43",RIGHT,1,Counting
elisius1,10,20,5284,5310,28,1260,68.1,1136.6,132.5,214.09,111.06,FALSE,LEFT,"3,10",RIGHT,1,Counting
elisius1,10,21,5472,5484,14,1147.8,121.5,1186.4,111.9,71.23,55.16,FALSE,RIGHT,"0,85",RIGHT,1,Counting
elisius1,10,22,5832,5852,22,1171.4,114.6,1095.3,136,129.27,75.93,FALSE,LEFT,"1,71",RIGHT,1,Counting
elisius1,10,23,6570,6606,38,1108.3,133.5,1019.3,213.9,265.75,113.88,FALSE,DOWN,"2,85",RIGHT,1,Counting
elisius1,10,24,7358,7384,28,995.1,205.3,926,264.4,149.67,82.87,FALSE,DOWN,"2,14",RIGHT,1,Counting
elisius1,10,25,7692,7700,10,917.5,250,905.1,258.9,38.4,34.09,FALSE,.,"0,35",RIGHT,1,Counting
elisius1,10,26,7936,7968,34,902.5,252.9,774,312.2,233.86,112.04,FALSE,LEFT,"3,15",RIGHT,1,Counting
elisius1,10,27,8282,8290,10,762.2,307.9,750.1,317.3,38.92,35.05,FALSE,.,"0,36",RIGHT,1,Counting
elisius1,10,28,8530,8576,48,753.9,317.9,568.7,428.5,304.87,126.66,FALSE,LEFT,"4,85",RIGHT,1,Counting
elisius1,10,29,8762,8770,10,550.5,442.7,570,434.4,49.91,43.47,FALSE,.,"0,46",RIGHT,1,Counting
elisius1,10,30,9162,9214,54,568.2,424.7,285.1,611,311.56,157.35,FALSE,LEFT,"7,44",RIGHT,1,Counting
elisius1,10,31,9388,9408,22,257.6,620.6,319.8,577.4,115.14,71.21,FALSE,RIGHT,"1,64",RIGHT,1,Counting
elisius1,10,32,9660,9706,48,317.7,576.6,337.1,176.7,421.74,214.17,FALSE,UP,"10,17",RIGHT,1,Counting
elisius1,10,33,9924,9962,40,331,159.3,575.2,84.6,275.27,135.41,FALSE,RIGHT,"5,48",RIGHT,1,Counting
elisius1,10,34,10336,10354,20,576.8,84.3,640.3,69.3,97.52,67.22,FALSE,RIGHT,"1,41",RIGHT,1,Counting
elisius1,10,35,10532,10568,38,633.1,70.9,310.5,52.4,356.45,177.08,FALSE,LEFT,"6,77",RIGHT,1,Counting
elisius1,10,36,10854,10918,66,299.4,52.1,411.2,489.9,573.67,191.05,FALSE,DOWN,"11,49",RIGHT,1,Counting
elisius1,10,37,10964,11010,48,405.9,482.4,197.5,429.6,258.64,118.17,FALSE,LEFT,"4,42",RIGHT,1,Counting
elisius1,10,38,11412,11442,32,177.4,422.8,328.9,274.5,276.29,150.8,FALSE,UP,"4,87",RIGHT,1,Counting
elisius1,10,39,11794,11816,24,331.9,268.3,382.4,329.4,131.42,75.81,FALSE,DOWN,"1,89",RIGHT,1,Counting
elisius1,10,40,12074,12122,50,376.2,315.9,759.4,449.9,435.73,187.67,FALSE,RIGHT,"8,71",RIGHT,1,Counting
elisius1,10,41,12462,12504,44,773,452.8,468.1,260.1,356.13,186.17,FALSE,LEFT,"8,12",RIGHT,1,Counting
elisius1,10,42,13190,13218,30,459.8,232.9,319,281.8,200.42,106.82,FALSE,LEFT,"3,18",RIGHT,1,Counting
elisius1,10,43,13694,13732,40,321.5,279.3,428.2,342.4,247.17,103.38,FALSE,RIGHT,"2,74",RIGHT,1,Counting
elisius1,10,44,14068,14088,22,444.3,353.3,376.7,376.1,108.13,65.92,FALSE,LEFT,"1,52",RIGHT,1,Counting
elisius1,10,45,14340,14358,20,387.1,371.2,356.1,311.9,131.68,81.42,FALSE,UP,"1,66",RIGHT,1,Counting
elisius1,10,46,14572,14606,36,326.2,297,542.4,269.7,250.6,124.63,FALSE,RIGHT,"4,55",RIGHT,1,Counting
elisius1,10,47,14946,14964,20,545.6,272.4,479.5,281.3,101.56,66.71,FALSE,LEFT,"1,41",RIGHT,1,Counting
elisius1,10,48,15304,15314,12,485.5,278,505.7,263.5,52.48,44.18,FALSE,RIGHT,"0,57",RIGHT,1,Counting
elisius1,10,49,15606,15630,26,507.2,263.7,639.4,252.4,188.27,106.1,FALSE,RIGHT,"2,81",RIGHT,1,Counting
elisius1,10,50,15830,15840,12,636.1,243,610.6,236.3,51.34,41.93,FALSE,LEFT,"0,57",RIGHT,1,Counting
elisius1,10,51,16142,16168,28,605.4,235.2,728.5,205.3,163.31,95.32,FALSE,RIGHT,"2,73",RIGHT,1,Counting
elisius1,10,52,16364,16374,12,720,205.5,689.7,201.8,62.04,50.77,FALSE,LEFT,"0,65",RIGHT,1,Counting
elisius1,10,53,16784,16804,22,688.7,202.9,771.1,190.7,114.46,78.4,FALSE,RIGHT,"1,79",RIGHT,1,Counting
elisius1,10,54,17088,17096,10,781.5,189.7,780.6,170.2,53.22,46.74,FALSE,UP,"0,52",RIGHT,1,Counting
elisius1,10,55,17414,17434,22,785.9,163.1,861.8,168.6,111.73,71.29,FALSE,RIGHT,"1,63",RIGHT,1,Counting
elisius1,10,56,17840,17850,12,860.3,165.2,883.4,154.7,52.45,43.85,FALSE,RIGHT,"0,57",RIGHT,1,Counting
elisius1,10,57,18086,18110,26,883.4,151.4,1003,114,167.62,105.95,FALSE,RIGHT,"2,74",RIGHT,1,Counting
elisius1,10,58,18356,18378,24,1006.8,115.2,905,128,150.69,89.68,FALSE,LEFT,"2,20",RIGHT,1,Counting
elisius1,10,59,18584,18596,14,904.8,131.1,875.6,145.7,61.5,47.96,FALSE,LEFT,"0,74",RIGHT,1,Counting
elisius1,10,60,19024,19032,10,880.3,137.9,899.7,141.9,46.96,40.19,FALSE,.,"0,43",RIGHT,1,Counting
elisius1,10,61,19288,19308,22,900.3,147.1,979,118.9,123.28,83.62,FALSE,RIGHT,"1,84",RIGHT,1,Counting
elisius1,10,62,19612,19652,42,988.5,117,562,94.4,406.8,217.28,FALSE,LEFT,"9,08",RIGHT,1,Counting
elisius1,10,63,19980,20032,54,539.9,89.2,997.5,129.3,408.24,193.08,FALSE,RIGHT,"9,77",RIGHT,1,Counting
elisius1,10,64,20250,20260,12,1013,132.5,1006.3,112.8,48.33,38.85,FALSE,UP,"0,54",RIGHT,1,Counting
elisius1,10,65,20576,20606,32,1002.3,115.9,1228.1,66.7,280.23,154.95,FALSE,RIGHT,"4,95",RIGHT,1,Counting
elisius1,10,66,20952,20972,22,1228.3,64.7,1154.1,58.9,104.31,67.81,FALSE,LEFT,"1,57",RIGHT,1,Counting
